{"type":"FeatureCollection","features":[{"type":"Feature","properties":{"id":"riverwalk-loop-v3-public","name":"Riverwalk Loop","slug":"riverwalk-loop"},"geometry":{"type":"LineString","coordinates":[[-85.305834,35.060177],[-85.305795,35.060238],[-85.305756,35.060298],[-85.305717,35.060359],[-85.305677,35.06042],[-85.305638,35.06048],[-85.305599,35.060541],[-85.30556,35.060601],[-85.305521,35.060662],[-85.305482,35.060723],[-85.305443,35.060783],[-85.305404,35.060844],[-85.305365,35.060904],[-85.305326,35.060965],[-85.305286,35.061026],[-85.305247,35.061086],[-85.305208,35.061147],[-85.305169,35.061207],[-85.30513,35.061268],[-85.305091,35.061329],[-85.305052,35.061389],[-85.305013,35.06145],[-85.304974,35.06151],[-85.304935,35.061571],[-85.304896,35.061632],[-85.304856,35.061692],[-85.30481,35.061734],[-85.304735,35.061704],[-85.304659,35.061675],[-85.304584,35.061645],[-85.304509,35.061615],[-85.304433,35.061585],[-85.304358,35.061555],[-85.304283,35.061525],[-85.304207,35.061495],[-85.304132,35.061465],[-85.304056,35.061436],[-85.303981,35.061406],[-85.303906,35.061376],[-85.30383,35.061346],[-85.303755,35.061316],[-85.30368,35.061286],[-85.303604,35.061256],[-85.303529,35.061226],[-85.303454,35.061197],[-85.30337,35.06119],[-85.303287,35.061185],[-85.303204,35.061179],[-85.30312,35.061174],[-85.303037,35.061168],[-85.302953,35.061162],[-85.30287,35.061157],[-85.302786,35.061151],[-85.302703,35.061145],[-85.30262,35.06114],[-85.302536,35.061134],[-85.302453,35.061129],[-85.302369,35.061123],[-85.302286,35.061117],[-85.302202,35.061112],[-85.302119,35.061106],[-85.302035,35.061101],[-85.301952,35.061095],[-85.30187,35.061086],[-85.301791,35.061062],[-85.301712,35.061038],[-85.301634,35.061015],[-85.301555,35.060991],[-85.301479,35.060967],[-85.301522,35.060908],[-85.301566,35.06085],[-85.301609,35.060791],[-85.301653,35.060733],[-85.301696,35.060674],[-85.30174,35.060615],[-85.301781,35.060556],[-85.301804,35.06049],[-85.301826,35.060424],[-85.301849,35.060358],[-85.301872,35.060292],[-85.301894,35.060226],[-85.301917,35.06016],[-85.30194,35.060094],[-85.301962,35.060028],[-85.301981,35.059962],[-85.301998,35.059894],[-85.302014,35.059827],[-85.302031,35.05976],[-85.302047,35.059693],[-85.302064,35.059626],[-85.302081,35.059559],[-85.302097,35.059491],[-85.302114,35.059424],[-85.30213,35.059357],[-85.302147,35.05929],[-85.302163,35.059223],[-85.30218,35.059156],[-85.302196,35.059088],[-85.302213,35.059021],[-85.302229,35.058954],[-85.302246,35.058887],[-85.302263,35.05882],[-85.302279,35.058752],[-85.302296,35.058685],[-85.302312,35.058618],[-85.302329,35.058551],[-85.302345,35.058484],[-85.302362,35.058417],[-85.302378,35.058349],[-85.302395,35.058282],[-85.302411,35.058215],[-85.302428,35.058148],[-85.302445,35.058081],[-85.302461,35.058014],[-85.302478,35.057946],[-85.302494,35.057879],[-85.302511,35.057812],[-85.302527,35.057745],[-85.302544,35.057678],[-85.30256,35.05761],[-85.302577,35.057543],[-85.302593,35.057476],[-85.30261,35.057409],[-85.302627,35.057342],[-85.302643,35.057275],[-85.30266,35.057207],[-85.302676,35.05714],[-85.302693,35.057073],[-85.302709,35.057006],[-85.302726,35.056939],[-85.302742,35.056872],[-85.302759,35.056804],[-85.302775,35.056737],[-85.302792,35.05667],[-85.302809,35.056603],[-85.302825,35.056536],[-85.302842,35.056468],[-85.302858,35.056401],[-85.302875,35.056334],[-85.302891,35.056267],[-85.302908,35.0562],[-85.302924,35.056133],[-85.302941,35.056065],[-85.302957,35.055998],[-85.302974,35.055931],[-85.302991,35.055864],[-85.303007,35.055797],[-85.303024,35.05573],[-85.30304,35.055662],[-85.303062,35.055596],[-85.303086,35.055531],[-85.303109,35.055465],[-85.303133,35.055399],[-85.303156,35.055333],[-85.30318,35.055268],[-85.303204,35.055202],[-85.303227,35.055136],[-85.303251,35.05507],[-85.303275,35.055005],[-85.303298,35.054939],[-85.303322,35.054873],[-85.303345,35.054807],[-85.303369,35.054742],[-85.303393,35.054676],[-85.303416,35.05461],[-85.30344,35.054544],[-85.303464,35.054479],[-85.303501,35.054418],[-85.303548,35.054362],[-85.303595,35.054305],[-85.303643,35.054249],[-85.30369,35.054192],[-85.303737,35.054135],[-85.303802,35.054094],[-85.303874,35.05406],[-85.303947,35.054026],[-85.304019,35.053991],[-85.304092,35.053957],[-85.304164,35.053923],[-85.304237,35.053889],[-85.304309,35.053854],[-85.304393,35.05386],[-85.304476,35.053866],[-85.304559,35.053872],[-85.304643,35.053877],[-85.304726,35.053883],[-85.304809,35.053891],[-85.304886,35.053918],[-85.304963,35.053945],[-85.30504,35.053972],[-85.305117,35.053999],[-85.305194,35.054026],[-85.305271,35.054053],[-85.305348,35.05408],[-85.305425,35.054107],[-85.305502,35.054134],[-85.305572,35.054168],[-85.305629,35.054218],[-85.305686,35.054269],[-85.305742,35.054319],[-85.305799,35.05437],[-85.305855,35.05442],[-85.305912,35.054471],[-85.305969,35.054521],[-85.306025,35.054572],[-85.306082,35.054622],[-85.306139,35.054673],[-85.306195,35.054723],[-85.306252,35.054774],[-85.306308,35.054824],[-85.306365,35.054875],[-85.306422,35.054925],[-85.306478,35.054976],[-85.306541,35.05501],[-85.306624,35.054997],[-85.306706,35.054983],[-85.306788,35.05497],[-85.30687,35.054957],[-85.306952,35.054944],[-85.307034,35.054931],[-85.307116,35.054917],[-85.307199,35.054904],[-85.307281,35.054891],[-85.307363,35.054878],[-85.307445,35.054865],[-85.307527,35.054852],[-85.307609,35.054838],[-85.307613,35.054774],[-85.307611,35.054705],[-85.307609,35.054637],[-85.307607,35.054568],[-85.307605,35.0545],[-85.307603,35.054431],[-85.307601,35.054362],[-85.307599,35.054294],[-85.307597,35.054225],[-85.307595,35.054157],[-85.307593,35.054088],[-85.307591,35.05402],[-85.307589,35.053951],[-85.307587,35.053883],[-85.307585,35.053814],[-85.307583,35.053746],[-85.307581,35.053677],[-85.307579,35.053609],[-85.307577,35.05354],[-85.307575,35.053472],[-85.307573,35.053403],[-85.307571,35.053335],[-85.307569,35.053266],[-85.307567,35.053198],[-85.307565,35.053129],[-85.307563,35.053061],[-85.307561,35.052992],[-85.307559,35.052924],[-85.307557,35.052855],[-85.307555,35.052787],[-85.307553,35.052718],[-85.307551,35.05265],[-85.307549,35.052581],[-85.307546,35.052513],[-85.307544,35.052444],[-85.307542,35.052376],[-85.30754,35.052307],[-85.307538,35.052239],[-85.307536,35.05217],[-85.307534,35.052102],[-85.307532,35.052033],[-85.30753,35.051965],[-85.307528,35.051896],[-85.307526,35.051828],[-85.307524,35.051759],[-85.307522,35.051691],[-85.30752,35.051622],[-85.307518,35.051554],[-85.307516,35.051485],[-85.307514,35.051417],[-85.307512,35.051348],[-85.30751,35.05128],[-85.307508,35.051211],[-85.307506,35.051143],[-85.307504,35.051074],[-85.307502,35.051006],[-85.3075,35.050937],[-85.307498,35.050869],[-85.307496,35.0508],[-85.307494,35.050732],[-85.307492,35.050663],[-85.30749,35.050595],[-85.307488,35.050526],[-85.307486,35.050458],[-85.307484,35.050389],[-85.307482,35.05032],[-85.30748,35.050252],[-85.307478,35.050183],[-85.307476,35.050115],[-85.307474,35.050046],[-85.307472,35.049978],[-85.30747,35.049909],[-85.307468,35.049841],[-85.307466,35.049772],[-85.307438,35.049726],[-85.307354,35.049727],[-85.30727,35.049728],[-85.307187,35.049729],[-85.307103,35.04973],[-85.307019,35.049731],[-85.306936,35.049732],[-85.306852,35.049733],[-85.306768,35.049734],[-85.306685,35.049735],[-85.306601,35.049736],[-85.306517,35.049737],[-85.306433,35.049738],[-85.30635,35.049739],[-85.306266,35.04974],[-85.306182,35.049741],[-85.306099,35.049743],[-85.306022,35.049752],[-85.305986,35.049814],[-85.305951,35.049876],[-85.305915,35.049938],[-85.305879,35.05],[-85.30583,35.050033],[-85.305754,35.050004],[-85.305678,35.049976],[-85.305602,35.049948],[-85.305526,35.049919],[-85.305449,35.049891],[-85.305373,35.049863],[-85.305297,35.049834],[-85.305221,35.049806],[-85.305144,35.049778],[-85.305068,35.049749],[-85.304992,35.049721],[-85.304916,35.049692],[-85.30484,35.049664],[-85.304763,35.049636],[-85.304687,35.049607],[-85.304611,35.049579],[-85.304535,35.049551],[-85.304459,35.049522],[-85.304382,35.049494],[-85.304306,35.049466],[-85.30423,35.049437],[-85.304154,35.049409],[-85.304078,35.049381],[-85.304001,35.049352],[-85.303925,35.049324],[-85.303849,35.049295],[-85.303773,35.049267],[-85.303697,35.049239],[-85.30362,35.04921],[-85.303544,35.049182],[-85.303468,35.049154],[-85.303392,35.049125],[-85.303316,35.049097],[-85.303239,35.049069],[-85.303163,35.04904],[-85.303087,35.049012],[-85.303029,35.048978],[-85.303065,35.048917],[-85.303102,35.048855],[-85.303138,35.048793],[-85.303175,35.048732],[-85.303212,35.04867],[-85.303248,35.048608],[-85.303285,35.048547],[-85.303321,35.048485],[-85.303358,35.048424],[-85.303395,35.048362],[-85.303431,35.0483],[-85.303468,35.048239],[-85.303504,35.048177],[-85.303541,35.048115],[-85.303578,35.048054],[-85.303614,35.047992],[-85.303651,35.04793],[-85.303687,35.047869],[-85.303724,35.047807],[-85.303761,35.047746],[-85.303797,35.047684],[-85.303834,35.047622],[-85.30387,35.047561],[-85.303907,35.047499],[-85.303944,35.047437],[-85.30398,35.047376],[-85.304017,35.047314],[-85.304053,35.047253],[-85.30409,35.047191],[-85.304127,35.047129],[-85.304163,35.047068],[-85.3042,35.047006],[-85.304236,35.046944],[-85.304273,35.046883],[-85.30431,35.046821],[-85.304346,35.046759],[-85.304383,35.046698],[-85.304419,35.046636],[-85.304456,35.046575],[-85.304492,35.046513],[-85.304529,35.046451],[-85.304566,35.04639],[-85.304602,35.046328],[-85.304639,35.046266],[-85.304675,35.046205],[-85.304712,35.046143],[-85.304749,35.046082],[-85.304785,35.04602],[-85.304822,35.045958],[-85.304858,35.045897],[-85.304895,35.045835],[-85.304932,35.045773],[-85.304968,35.045712],[-85.305005,35.04565],[-85.305041,35.045588],[-85.305078,35.045527],[-85.305115,35.045465],[-85.305151,35.045404],[-85.305188,35.045342],[-85.305224,35.04528],[-85.305261,35.045219],[-85.305298,35.045157],[-85.305334,35.045095],[-85.305371,35.045034],[-85.305407,35.044972],[-85.305444,35.044911],[-85.305481,35.044849],[-85.305517,35.044787],[-85.305554,35.044726],[-85.30559,35.044664],[-85.305627,35.044602],[-85.305664,35.044541],[-85.3057,35.044479],[-85.305737,35.044417],[-85.305773,35.044356],[-85.30581,35.044294],[-85.305846,35.044233],[-85.305883,35.044171],[-85.30592,35.044109],[-85.305956,35.044048],[-85.305993,35.043986],[-85.306029,35.043924],[-85.306066,35.043863],[-85.306103,35.043801],[-85.306139,35.04374],[-85.306176,35.043678],[-85.306212,35.043616],[-85.306249,35.043555],[-85.306286,35.043493],[-85.306322,35.043431],[-85.306359,35.04337],[-85.306395,35.043308],[-85.306432,35.043246],[-85.306469,35.043185],[-85.306505,35.043123],[-85.306542,35.043062],[-85.306578,35.043],[-85.306615,35.042938],[-85.306652,35.042877],[-85.306688,35.042815],[-85.306725,35.042753],[-85.306761,35.042692],[-85.30682,35.042649],[-85.306896,35.042621],[-85.306973,35.042593],[-85.307049,35.042565],[-85.307125,35.042537],[-85.307202,35.042509],[-85.307278,35.042481],[-85.307355,35.042453],[-85.307431,35.042425],[-85.307507,35.042397],[-85.307584,35.042369],[-85.30766,35.042341],[-85.307736,35.042313],[-85.307813,35.042285],[-85.307889,35.042257],[-85.307966,35.042229],[-85.308042,35.042201],[-85.308118,35.042173],[-85.308195,35.042145],[-85.308271,35.042117],[-85.308348,35.042089],[-85.308424,35.042061],[-85.3085,35.042033],[-85.308577,35.042005],[-85.308653,35.041977],[-85.30873,35.041949],[-85.308806,35.041921],[-85.308882,35.041893],[-85.308959,35.041865],[-85.309036,35.041838],[-85.309119,35.041837],[-85.309203,35.041836],[-85.309287,35.041835],[-85.30937,35.041833],[-85.309454,35.041832],[-85.309538,35.041831],[-85.309621,35.04183],[-85.309705,35.041829],[-85.309789,35.041827],[-85.309873,35.041826],[-85.309956,35.041825],[-85.31004,35.041824],[-85.310124,35.041823],[-85.310207,35.041822],[-85.310291,35.04182],[-85.310375,35.041819],[-85.310458,35.041818],[-85.310542,35.041817],[-85.310626,35.041816],[-85.310709,35.041814],[-85.310793,35.041813],[-85.310877,35.041812],[-85.31096,35.041811],[-85.311044,35.04181],[-85.311128,35.041809],[-85.311212,35.041807],[-85.311295,35.041806],[-85.311379,35.041805],[-85.311463,35.041804],[-85.311531,35.041783],[-85.311566,35.041721],[-85.3116,35.041659],[-85.311635,35.041596],[-85.31167,35.041534],[-85.311705,35.041472],[-85.311739,35.041409],[-85.311774,35.041347],[-85.311809,35.041285],[-85.311843,35.041222],[-85.311878,35.04116],[-85.311913,35.041098],[-85.311948,35.041035],[-85.311982,35.040973],[-85.312017,35.040911],[-85.312052,35.040848],[-85.312086,35.040786],[-85.312121,35.040723],[-85.312156,35.040661],[-85.312174,35.040604],[-85.312098,35.040575],[-85.312022,35.040546],[-85.311946,35.040517],[-85.31187,35.040488],[-85.311794,35.040459],[-85.311719,35.04043],[-85.311643,35.040401],[-85.311567,35.040372],[-85.311491,35.040343],[-85.311415,35.040314],[-85.311339,35.040285],[-85.311263,35.040256],[-85.311255,35.040235],[-85.311337,35.040223],[-85.31142,35.040212],[-85.311487,35.040185],[-85.311519,35.040122],[-85.311551,35.040059],[-85.311584,35.039995],[-85.311616,35.039932],[-85.311648,35.039869],[-85.31168,35.039806],[-85.311712,35.039742],[-85.311745,35.039679],[-85.311777,35.039616],[-85.311809,35.039552],[-85.311841,35.039489],[-85.311873,35.039426],[-85.311905,35.039363],[-85.311938,35.039299],[-85.31197,35.039236],[-85.312002,35.039173],[-85.312034,35.03911],[-85.312066,35.039046],[-85.312099,35.038983],[-85.312131,35.03892],[-85.312163,35.038857],[-85.312195,35.038793],[-85.312227,35.03873],[-85.31226,35.038667],[-85.312292,35.038604],[-85.312324,35.03854],[-85.312356,35.038477],[-85.312388,35.038414],[-85.312421,35.038351],[-85.312453,35.038287],[-85.312485,35.038224],[-85.312517,35.038161],[-85.312549,35.038098],[-85.312625,35.038123],[-85.312701,35.038152],[-85.312777,35.03818],[-85.312854,35.038208],[-85.31293,35.038236],[-85.313006,35.038264],[-85.313082,35.038292],[-85.313159,35.03832],[-85.313235,35.038348],[-85.313311,35.038377],[-85.313388,35.038405],[-85.313434,35.038367],[-85.313468,35.038304],[-85.313502,35.038242],[-85.313537,35.038179],[-85.313571,35.038117],[-85.313606,35.038054],[-85.31364,35.037992],[-85.313675,35.037929],[-85.313709,35.037867],[-85.313743,35.037805],[-85.313778,35.037742],[-85.313812,35.03768],[-85.313847,35.037617],[-85.313881,35.037555],[-85.313916,35.037492],[-85.31395,35.03743],[-85.313985,35.037367],[-85.314019,35.037305],[-85.314053,35.037242],[-85.314088,35.03718],[-85.314122,35.037118],[-85.314157,35.037055],[-85.314191,35.036993],[-85.314226,35.03693],[-85.31426,35.036868],[-85.314295,35.036805],[-85.314329,35.036743],[-85.314363,35.03668],[-85.314398,35.036618],[-85.314432,35.036555],[-85.314467,35.036493],[-85.314501,35.03643],[-85.314536,35.036368],[-85.31457,35.036306],[-85.314604,35.036243],[-85.314639,35.036181],[-85.314673,35.036118],[-85.314708,35.036056],[-85.314742,35.035993],[-85.314777,35.035931],[-85.314811,35.035868],[-85.314846,35.035806],[-85.31488,35.035743],[-85.314914,35.035681],[-85.314949,35.035619],[-85.314983,35.035556],[-85.315018,35.035494],[-85.315052,35.035431],[-85.315087,35.035369],[-85.315121,35.035306],[-85.315155,35.035244],[-85.31519,35.035181],[-85.315224,35.035119],[-85.315259,35.035056],[-85.315293,35.034994],[-85.315328,35.034932],[-85.315362,35.034869],[-85.315397,35.034807],[-85.315431,35.034744],[-85.315465,35.034682],[-85.3155,35.034619],[-85.315534,35.034557],[-85.315569,35.034494],[-85.315603,35.034432],[-85.315638,35.034369],[-85.315672,35.034307],[-85.315707,35.034244],[-85.315741,35.034182],[-85.315775,35.03412],[-85.31581,35.034057],[-85.315844,35.033995],[-85.315879,35.033932],[-85.315913,35.03387],[-85.315948,35.033807],[-85.315982,35.033745],[-85.316016,35.033682],[-85.316051,35.03362],[-85.316085,35.033557],[-85.31612,35.033495],[-85.316154,35.033433],[-85.316189,35.03337],[-85.316223,35.033308],[-85.316258,35.033245],[-85.316292,35.033183],[-85.316326,35.03312],[-85.316361,35.033058],[-85.316395,35.032995],[-85.31643,35.032933],[-85.316464,35.03287],[-85.316499,35.032808],[-85.316533,35.032745],[-85.316567,35.032683],[-85.316602,35.032621],[-85.316636,35.032558],[-85.316671,35.032496],[-85.316705,35.032433],[-85.31674,35.032371],[-85.316774,35.032308],[-85.316809,35.032246],[-85.316843,35.032183],[-85.316877,35.032121],[-85.316912,35.032058],[-85.316946,35.031996],[-85.316981,35.031934],[-85.317015,35.031871],[-85.31705,35.031809],[-85.317084,35.031746],[-85.317119,35.031684],[-85.317153,35.031621],[-85.317187,35.031559],[-85.317222,35.031496],[-85.317256,35.031434],[-85.317291,35.031371],[-85.317325,35.031309],[-85.31736,35.031247],[-85.317394,35.031184],[-85.317428,35.031122],[-85.317463,35.031059],[-85.317497,35.030997],[-85.317532,35.030934],[-85.317566,35.030872],[-85.317601,35.030809],[-85.317635,35.030747],[-85.31767,35.030684],[-85.317704,35.030622],[-85.317738,35.030559],[-85.317773,35.030497],[-85.317807,35.030435],[-85.317842,35.030372],[-85.317876,35.03031],[-85.317911,35.030247],[-85.317945,35.030185],[-85.31798,35.030122],[-85.318014,35.03006],[-85.318048,35.029997],[-85.318083,35.029935],[-85.318117,35.029872],[-85.318152,35.02981],[-85.318186,35.029748],[-85.318221,35.029685],[-85.318255,35.029623],[-85.318289,35.02956],[-85.318324,35.029498],[-85.318358,35.029435],[-85.318393,35.029373],[-85.318427,35.02931],[-85.318462,35.029248],[-85.318496,35.029185],[-85.318531,35.029123],[-85.318565,35.029061],[-85.318599,35.028998],[-85.318634,35.028936],[-85.318668,35.028873],[-85.318703,35.028811],[-85.318737,35.028748],[-85.318772,35.028686],[-85.318806,35.028623],[-85.31884,35.028561],[-85.318875,35.028498],[-85.318913,35.028438],[-85.318964,35.028383],[-85.319015,35.028329],[-85.319066,35.028275],[-85.319117,35.028221],[-85.319168,35.028166],[-85.319219,35.028112],[-85.31927,35.028058],[-85.319321,35.028003],[-85.319383,35.028029],[-85.319447,35.028074],[-85.319511,35.028118],[-85.319575,35.028162],[-85.31962,35.028216],[-85.319642,35.028282],[-85.319664,35.028349],[-85.319686,35.028415],[-85.319708,35.028481],[-85.31973,35.028547],[-85.319788,35.028568],[-85.319871,35.028558],[-85.319954,35.028549],[-85.320037,35.02854],[-85.32012,35.028531],[-85.320203,35.028521],[-85.32022,35.028582],[-85.32023,35.02865],[-85.32024,35.028718],[-85.32025,35.028786],[-85.32026,35.028854],[-85.32027,35.028922],[-85.32028,35.02899],[-85.32029,35.029059],[-85.3203,35.029127],[-85.320311,35.029195],[-85.320321,35.029263],[-85.320331,35.029331],[-85.320341,35.029399],[-85.320351,35.029467],[-85.320361,35.029535],[-85.320371,35.029603],[-85.320381,35.029671],[-85.320391,35.029739],[-85.320402,35.029807],[-85.320419,35.029874],[-85.320439,35.02994],[-85.320459,35.030007],[-85.320478,35.030074],[-85.320498,35.03014],[-85.320518,35.030207],[-85.320538,35.030273],[-85.320557,35.03034],[-85.320583,35.030402],[-85.320664,35.030417],[-85.320746,35.030432],[-85.320752,35.030484],[-85.32073,35.03055],[-85.320708,35.030616],[-85.320719,35.030683],[-85.320737,35.030749],[-85.320755,35.030816],[-85.320774,35.030883],[-85.320792,35.03095],[-85.32081,35.031017],[-85.320828,35.031084],[-85.320847,35.031151],[-85.320865,35.031218],[-85.320883,35.031284],[-85.320902,35.031351],[-85.32092,35.031418],[-85.320938,35.031485],[-85.320956,35.031552],[-85.320975,35.031619],[-85.320993,35.031686],[-85.321011,35.031753],[-85.321039,35.031815],[-85.321104,35.031858],[-85.321169,35.031901],[-85.321234,35.031944],[-85.321299,35.031988],[-85.321364,35.032031],[-85.321445,35.032039],[-85.321529,35.032045],[-85.321612,35.03205],[-85.321681,35.032024],[-85.321738,35.031974],[-85.321796,35.031924],[-85.321854,35.031874],[-85.321911,35.031825],[-85.321969,35.031775],[-85.322026,35.031725],[-85.322084,35.031675],[-85.322141,35.031626],[-85.322199,35.031576],[-85.322256,35.031526],[-85.322314,35.031476],[-85.322371,35.031426],[-85.322429,35.031377],[-85.322486,35.031327],[-85.322544,35.031277],[-85.322601,35.031227],[-85.322659,35.031178],[-85.322716,35.031128],[-85.322774,35.031078],[-85.32285,35.031081],[-85.322932,35.031098],[-85.323013,35.031115],[-85.323094,35.031131],[-85.323175,35.031148],[-85.323237,35.031186],[-85.323281,35.031244],[-85.323325,35.031303],[-85.323369,35.031361],[-85.323404,35.031423],[-85.323433,35.031487],[-85.323462,35.031552],[-85.323491,35.031616],[-85.323521,35.03168],[-85.32355,35.031744],[-85.323579,35.031808],[-85.323608,35.031873],[-85.323637,35.031937],[-85.323667,35.032001],[-85.323696,35.032065],[-85.323725,35.03213],[-85.323754,35.032194],[-85.323783,35.032258],[-85.323812,35.032322],[-85.323842,35.032386],[-85.323871,35.032451],[-85.3239,35.032515],[-85.323929,35.032579],[-85.323958,35.032643],[-85.323988,35.032708],[-85.324017,35.032772],[-85.324046,35.032836],[-85.324075,35.0329],[-85.324104,35.032964],[-85.324134,35.033029],[-85.324163,35.033093],[-85.324192,35.033157],[-85.324221,35.033221],[-85.32425,35.033286],[-85.32428,35.03335],[-85.324309,35.033414],[-85.324338,35.033478],[-85.324367,35.033542],[-85.324396,35.033607],[-85.324426,35.033671],[-85.324455,35.033735],[-85.324484,35.033799],[-85.324513,35.033864],[-85.324542,35.033928],[-85.324572,35.033992],[-85.324601,35.034056],[-85.32463,35.03412],[-85.324659,35.034185],[-85.324688,35.034249],[-85.324718,35.034313],[-85.324747,35.034377],[-85.324776,35.034442],[-85.324805,35.034506],[-85.324831,35.034571],[-85.324852,35.034637],[-85.324872,35.034704],[-85.324892,35.03477],[-85.324913,35.034837],[-85.324933,35.034903],[-85.324954,35.03497],[-85.324974,35.035036],[-85.324995,35.035103],[-85.325015,35.035169],[-85.325035,35.035235],[-85.325056,35.035302],[-85.325076,35.035368],[-85.325097,35.035435],[-85.325117,35.035501],[-85.325138,35.035568],[-85.325158,35.035634],[-85.325178,35.035701],[-85.325199,35.035767],[-85.325219,35.035834],[-85.32524,35.0359],[-85.32526,35.035966],[-85.32528,35.036033],[-85.325301,35.036099],[-85.325321,35.036166],[-85.325342,35.036232],[-85.325362,35.036299],[-85.325383,35.036365],[-85.325403,35.036432],[-85.325423,35.036498],[-85.325444,35.036565],[-85.325464,35.036631],[-85.325485,35.036697],[-85.325505,35.036764],[-85.325526,35.03683],[-85.325546,35.036897],[-85.325566,35.036963],[-85.325587,35.03703],[-85.325607,35.037096],[-85.325628,35.037163],[-85.325648,35.037229],[-85.325648,35.037294],[-85.325615,35.037357],[-85.325581,35.03742],[-85.325548,35.037483],[-85.325515,35.037546],[-85.325482,35.037609],[-85.325448,35.037671],[-85.325415,35.037734],[-85.325382,35.037797],[-85.325395,35.037865],[-85.325407,35.037933],[-85.32542,35.038],[-85.325433,35.038068],[-85.325446,35.038136],[-85.325459,35.038204],[-85.325472,35.038271],[-85.325485,35.038339],[-85.325498,35.038407],[-85.32551,35.038474],[-85.325523,35.038542],[-85.325522,35.038609],[-85.325493,35.038673],[-85.325464,35.038737],[-85.325434,35.038801],[-85.325405,35.038865],[-85.325376,35.038929],[-85.325346,35.038994],[-85.325386,35.039044],[-85.325449,35.039089],[-85.32551,35.039134],[-85.325494,35.039202],[-85.325477,35.039269],[-85.325461,35.039336],[-85.325453,35.0394],[-85.325524,35.039437],[-85.325595,35.039474],[-85.325665,35.03951],[-85.3257,35.039569],[-85.325723,35.039635],[-85.325746,35.039701],[-85.325767,35.039767],[-85.325746,35.039833],[-85.325725,35.0399],[-85.325704,35.039966],[-85.325683,35.040032],[-85.325662,35.040099],[-85.325641,35.040165],[-85.32562,35.040231],[-85.325627,35.040299],[-85.325637,35.040367],[-85.325647,35.040435],[-85.325657,35.040503],[-85.325667,35.040571],[-85.325677,35.040639],[-85.325687,35.040707],[-85.325697,35.040775],[-85.325707,35.040843],[-85.325717,35.040911],[-85.325727,35.04098],[-85.325737,35.041048],[-85.325747,35.041116],[-85.325757,35.041184],[-85.325767,35.041252],[-85.325804,35.041312],[-85.325845,35.041372],[-85.325885,35.041432],[-85.325926,35.041493],[-85.325966,35.041553],[-85.326006,35.041613],[-85.326047,35.041673],[-85.326087,35.041733],[-85.326128,35.041793],[-85.326168,35.041853],[-85.326208,35.041913],[-85.326249,35.041973],[-85.326289,35.042033],[-85.32633,35.042093],[-85.32637,35.042153],[-85.32641,35.042213],[-85.326451,35.042273],[-85.326491,35.042333],[-85.326531,35.042393],[-85.326572,35.042453],[-85.326612,35.042513],[-85.326653,35.042573],[-85.326693,35.042633],[-85.326733,35.042693],[-85.326774,35.042753],[-85.326814,35.042813],[-85.326855,35.042873],[-85.326895,35.042933],[-85.326925,35.042995],[-85.326916,35.043063],[-85.326908,35.043131],[-85.3269,35.043199],[-85.326891,35.043267],[-85.326883,35.043336],[-85.326874,35.043404],[-85.326866,35.043472],[-85.326857,35.04354],[-85.326849,35.043608],[-85.32684,35.043677],[-85.326832,35.043745],[-85.326824,35.043813],[-85.326815,35.043881],[-85.326807,35.043949],[-85.326798,35.044017],[-85.32679,35.044086],[-85.326781,35.044154],[-85.326773,35.044222],[-85.326764,35.04429],[-85.326756,35.044358],[-85.326747,35.044427],[-85.326739,35.044495],[-85.326731,35.044563],[-85.326722,35.044631],[-85.326714,35.044699],[-85.326705,35.044767],[-85.326697,35.044836],[-85.326688,35.044904],[-85.32668,35.044972],[-85.326671,35.04504],[-85.326663,35.045108],[-85.326655,35.045176],[-85.326646,35.045245],[-85.326638,35.045313],[-85.326629,35.045381],[-85.326597,35.045443],[-85.326553,35.045501],[-85.326508,35.045559],[-85.326464,35.045617],[-85.32642,35.045675],[-85.326375,35.045733],[-85.326331,35.045791],[-85.326287,35.045849],[-85.326242,35.045907],[-85.326198,35.045966],[-85.326186,35.046033],[-85.326176,35.046101],[-85.326165,35.046169],[-85.326154,35.046237],[-85.326143,35.046305],[-85.326132,35.046373],[-85.326102,35.046437],[-85.326072,35.046501],[-85.326043,35.046565],[-85.326013,35.046629],[-85.325984,35.046693],[-85.325954,35.046758],[-85.325924,35.046822],[-85.325895,35.046886],[-85.325865,35.04695],[-85.325836,35.047014],[-85.325806,35.047078],[-85.325776,35.047142],[-85.325747,35.047206],[-85.325717,35.04727],[-85.325688,35.047334],[-85.325658,35.047399],[-85.325628,35.047463],[-85.325599,35.047527],[-85.325569,35.047591],[-85.32554,35.047655],[-85.32551,35.047719],[-85.32548,35.047783],[-85.325457,35.047849],[-85.325438,35.047916],[-85.325419,35.047982],[-85.3254,35.048049],[-85.325382,35.048116],[-85.325363,35.048183],[-85.325344,35.048249],[-85.325325,35.048316],[-85.325306,35.048383],[-85.325288,35.04845],[-85.325269,35.048517],[-85.32525,35.048583],[-85.325231,35.04865],[-85.325212,35.048717],[-85.325193,35.048784],[-85.325175,35.04885],[-85.325156,35.048917],[-85.325137,35.048984],[-85.325118,35.049051],[-85.325099,35.049118],[-85.325084,35.049183],[-85.325143,35.049232],[-85.325202,35.04928],[-85.325262,35.049329],[-85.325285,35.049384],[-85.325258,35.049449],[-85.325232,35.049514],[-85.325198,35.049577],[-85.325165,35.04964],[-85.325131,35.049702],[-85.325097,35.049765],[-85.325063,35.049828],[-85.32503,35.049891],[-85.324996,35.049953],[-85.324941,35.050005],[-85.324885,35.050056],[-85.324829,35.050107],[-85.324774,35.050158],[-85.324718,35.05021],[-85.324663,35.050261],[-85.324607,35.050312],[-85.324551,35.050363],[-85.324496,35.050414],[-85.324465,35.050477],[-85.324444,35.050543],[-85.324422,35.050609],[-85.324401,35.050675],[-85.32438,35.050742],[-85.324359,35.050808],[-85.324337,35.050874],[-85.324316,35.050941],[-85.324295,35.051007],[-85.324273,35.051073],[-85.324252,35.051139],[-85.324231,35.051206],[-85.324209,35.051272],[-85.324188,35.051338],[-85.324167,35.051404],[-85.324123,35.051461],[-85.324066,35.051511],[-85.324008,35.05156],[-85.323951,35.05161],[-85.323894,35.05166],[-85.323836,35.05171],[-85.323779,35.05176],[-85.323722,35.05181],[-85.323664,35.05186],[-85.323607,35.05191],[-85.323549,35.05196],[-85.323492,35.05201],[-85.323435,35.052059],[-85.323377,35.052109],[-85.32332,35.052159],[-85.323263,35.052209],[-85.323205,35.052259],[-85.323148,35.052309],[-85.32309,35.052359],[-85.323033,35.052409],[-85.322976,35.052459],[-85.322918,35.052509],[-85.322861,35.052558],[-85.322804,35.052608],[-85.322753,35.052663],[-85.322707,35.05272],[-85.32266,35.052777],[-85.322613,35.052833],[-85.322566,35.05289],[-85.32252,35.052947],[-85.322473,35.053004],[-85.322426,35.053061],[-85.322379,35.053118],[-85.322332,35.053174],[-85.322286,35.053231],[-85.322239,35.053288],[-85.322192,35.053345],[-85.322145,35.053402],[-85.32209,35.053452],[-85.322023,35.053494],[-85.321957,35.053536],[-85.321891,35.053578],[-85.321825,35.05362],[-85.321759,35.053662],[-85.321693,35.053704],[-85.321627,35.053746],[-85.321561,35.053788],[-85.321494,35.05383],[-85.321428,35.053872],[-85.321362,35.053914],[-85.321296,35.053956],[-85.32123,35.053998],[-85.321164,35.05404],[-85.321098,35.054082],[-85.321032,35.054124],[-85.320965,35.054166],[-85.320899,35.054208],[-85.320833,35.05425],[-85.320767,35.054292],[-85.320701,35.054334],[-85.320635,35.054376],[-85.320569,35.054418],[-85.320503,35.05446],[-85.320429,35.054492],[-85.320353,35.054522],[-85.320278,35.054551],[-85.320202,35.054581],[-85.320127,35.05461],[-85.320051,35.05464],[-85.319976,35.054669],[-85.3199,35.054699],[-85.319824,35.054728],[-85.319749,35.054758],[-85.319673,35.054787],[-85.319598,35.054817],[-85.319521,35.054843],[-85.31944,35.054862],[-85.31936,35.05488],[-85.319279,35.054899],[-85.319198,35.054917],[-85.319118,35.054936],[-85.319037,35.054954],[-85.318981,35.054922],[-85.318939,35.054863],[-85.318896,35.054804],[-85.318853,35.054745],[-85.318811,35.054686],[-85.318768,35.054627],[-85.318722,35.054576],[-85.318641,35.054593],[-85.31856,35.05461],[-85.318478,35.054627],[-85.318397,35.054644],[-85.318316,35.054661],[-85.318235,35.054678],[-85.318154,35.054695],[-85.318073,35.054712],[-85.317992,35.054729],[-85.317911,35.054746],[-85.31783,35.054763],[-85.317749,35.05478],[-85.317668,35.054797],[-85.317586,35.054814],[-85.317505,35.054831],[-85.317424,35.054848],[-85.317343,35.054865],[-85.317262,35.054882],[-85.317181,35.054899],[-85.3171,35.054916],[-85.317019,35.054933],[-85.316946,35.054962],[-85.316887,35.055011],[-85.316828,35.055059],[-85.316769,35.055108],[-85.31671,35.055156],[-85.316651,35.055205],[-85.316591,35.055253],[-85.316532,35.055302],[-85.316473,35.05535],[-85.316414,35.055399],[-85.316355,35.055447],[-85.316282,35.055481],[-85.316208,35.055513],[-85.316134,35.055545],[-85.31606,35.055577],[-85.315986,35.05561],[-85.315913,35.055642],[-85.315839,35.055674],[-85.315765,35.055706],[-85.315691,35.055738],[-85.315611,35.055755],[-85.315528,35.055761],[-85.315445,35.055768],[-85.315361,35.055775],[-85.315278,35.055781],[-85.315195,35.055788],[-85.315111,35.055794],[-85.315028,35.055801],[-85.314945,35.055808],[-85.314861,35.055814],[-85.314778,35.055821],[-85.314695,35.055827],[-85.314611,35.055834],[-85.314528,35.05584],[-85.314445,35.055847],[-85.314361,35.055854],[-85.314278,35.05586],[-85.314195,35.055867],[-85.314111,35.055873],[-85.314028,35.05588],[-85.313945,35.055886],[-85.313861,35.055893],[-85.313778,35.0559],[-85.313695,35.055906],[-85.313611,35.055913],[-85.313528,35.055919],[-85.313445,35.055926],[-85.313361,35.055933],[-85.313278,35.055939],[-85.313195,35.055948],[-85.313114,35.055966],[-85.313034,35.055984],[-85.312953,35.056002],[-85.312872,35.056019],[-85.312791,35.056037],[-85.31271,35.056055],[-85.312629,35.056073],[-85.312548,35.05609],[-85.312468,35.056108],[-85.312387,35.056126],[-85.312306,35.056144],[-85.312225,35.056161],[-85.312144,35.056179],[-85.312063,35.056197],[-85.312014,35.056181],[-85.312005,35.056122],[-85.311928,35.056148],[-85.311905,35.056105],[-85.311903,35.056037],[-85.311901,35.055968],[-85.311899,35.0559],[-85.311897,35.055831],[-85.311895,35.055763],[-85.311893,35.055694],[-85.311891,35.055626],[-85.311889,35.055557],[-85.311886,35.055489],[-85.311867,35.055435],[-85.311783,35.055439],[-85.3117,35.055442],[-85.311616,35.055445],[-85.311533,35.055448],[-85.311449,35.055451],[-85.311365,35.055455],[-85.311282,35.055458],[-85.311198,35.055461],[-85.311114,35.055464],[-85.311031,35.055467],[-85.310947,35.055471],[-85.310864,35.055474],[-85.31078,35.055477],[-85.310696,35.05548],[-85.310613,35.055484],[-85.310529,35.055487],[-85.310521,35.055541],[-85.310533,35.055609],[-85.310452,35.055622],[-85.31037,35.055634],[-85.310288,35.055646],[-85.310205,35.055658],[-85.310123,35.05567],[-85.31004,35.055682],[-85.309958,35.055694],[-85.309875,35.055699],[-85.309791,35.055699],[-85.309707,35.0557],[-85.309624,35.055701],[-85.30954,35.055701],[-85.309456,35.055702],[-85.309372,35.055703],[-85.309289,35.055703],[-85.309205,35.055704],[-85.309121,35.055704],[-85.309038,35.055705],[-85.308954,35.055706],[-85.30887,35.055706],[-85.308786,35.055707],[-85.308703,35.055708],[-85.308619,35.055708],[-85.308535,35.055709],[-85.308452,35.05571],[-85.308368,35.05571],[-85.308284,35.055711],[-85.3082,35.055712],[-85.308117,35.055712],[-85.308033,35.055713],[-85.307949,35.055714],[-85.307866,35.055714],[-85.307782,35.055715],[-85.307698,35.055715],[-85.307656,35.05568],[-85.307653,35.055612],[-85.307649,35.055543],[-85.307646,35.055475],[-85.307643,35.055406],[-85.307639,35.055338],[-85.307636,35.05527],[-85.307633,35.055201],[-85.307629,35.055133],[-85.307626,35.055064],[-85.307623,35.054996],[-85.307619,35.054927],[-85.307616,35.054859],[-85.307613,35.05479],[-85.307612,35.054722],[-85.30761,35.054653],[-85.307608,35.054585],[-85.307606,35.054516],[-85.307604,35.054448],[-85.307602,35.054379],[-85.3076,35.054311],[-85.307598,35.054242],[-85.307596,35.054174],[-85.307594,35.054105],[-85.307592,35.054037],[-85.30759,35.053968],[-85.307589,35.0539],[-85.307587,35.053831],[-85.307585,35.053763],[-85.307583,35.053694],[-85.307581,35.053626],[-85.307579,35.053557],[-85.307577,35.053489],[-85.307575,35.05342],[-85.307573,35.053351],[-85.307571,35.053283],[-85.307569,35.053214],[-85.307567,35.053146],[-85.307565,35.053077],[-85.307564,35.053009],[-85.307562,35.05294],[-85.30756,35.052872],[-85.307558,35.052803],[-85.307556,35.052735],[-85.307554,35.052666],[-85.307552,35.052598],[-85.30755,35.052529],[-85.307548,35.052461],[-85.307546,35.052392],[-85.307544,35.052324],[-85.307542,35.052255],[-85.307541,35.052187],[-85.307539,35.052118],[-85.307537,35.05205],[-85.307535,35.051981],[-85.307533,35.051913],[-85.307531,35.051844],[-85.307529,35.051776],[-85.307527,35.051707],[-85.307525,35.051639],[-85.307523,35.05157],[-85.307521,35.051502],[-85.307519,35.051433],[-85.307518,35.051365],[-85.307516,35.051296],[-85.307514,35.051228],[-85.307512,35.051159],[-85.30751,35.051091],[-85.307508,35.051022],[-85.307441,35.051009],[-85.307357,35.051011],[-85.307274,35.051012],[-85.30719,35.051014],[-85.307106,35.051015],[-85.307022,35.051016],[-85.306939,35.051018],[-85.306855,35.051019],[-85.306771,35.051021],[-85.306688,35.051022],[-85.306604,35.051024],[-85.30652,35.051025],[-85.306476,35.050992],[-85.306472,35.050924],[-85.306469,35.050855],[-85.306466,35.050787],[-85.306462,35.050718],[-85.306459,35.05065],[-85.306455,35.050581],[-85.306452,35.050513],[-85.306448,35.050444],[-85.306445,35.050376],[-85.306441,35.050308],[-85.306438,35.050239],[-85.306435,35.050171],[-85.306431,35.050102],[-85.306428,35.050034],[-85.306424,35.049965],[-85.306421,35.049897],[-85.306417,35.049828],[-85.306414,35.04976],[-85.306441,35.049696],[-85.306478,35.049635],[-85.306514,35.049573],[-85.306551,35.049512],[-85.306587,35.04945],[-85.306624,35.049388],[-85.306661,35.049327],[-85.306697,35.049265],[-85.306734,35.049203],[-85.30677,35.049142],[-85.306807,35.04908],[-85.306843,35.049018],[-85.30688,35.048957],[-85.306917,35.048895],[-85.306953,35.048834],[-85.30699,35.048772],[-85.307026,35.04871],[-85.307063,35.048649],[-85.3071,35.048587],[-85.307136,35.048525],[-85.307173,35.048464],[-85.307209,35.048402],[-85.307246,35.04834],[-85.307282,35.048279],[-85.307319,35.048217],[-85.307356,35.048156],[-85.307392,35.048094],[-85.307429,35.048032],[-85.307465,35.047971],[-85.307502,35.047909],[-85.307538,35.047847],[-85.307575,35.047786],[-85.307612,35.047724],[-85.307648,35.047662],[-85.307685,35.047601],[-85.307721,35.047539],[-85.307758,35.047478],[-85.307795,35.047416],[-85.307831,35.047354],[-85.307868,35.047293],[-85.307904,35.047231],[-85.307941,35.047169],[-85.307977,35.047108],[-85.308014,35.047046],[-85.308051,35.046984],[-85.308087,35.046923],[-85.308124,35.046861],[-85.30816,35.0468],[-85.308197,35.046738],[-85.308234,35.046676],[-85.30827,35.046615],[-85.308307,35.046553],[-85.308343,35.046491],[-85.30838,35.04643],[-85.308416,35.046368],[-85.308453,35.046306],[-85.30849,35.046245],[-85.308526,35.046183],[-85.308563,35.046122],[-85.308599,35.04606],[-85.308636,35.045998],[-85.308673,35.045937],[-85.308709,35.045875],[-85.308746,35.045813],[-85.308782,35.045752],[-85.308819,35.04569],[-85.308855,35.045628],[-85.308892,35.045567],[-85.308929,35.045505],[-85.308965,35.045444],[-85.309002,35.045382],[-85.309038,35.04532],[-85.309075,35.045259],[-85.309112,35.045197],[-85.309148,35.045135],[-85.309185,35.045074],[-85.309221,35.045012],[-85.309258,35.04495],[-85.309294,35.044889],[-85.309331,35.044827],[-85.309368,35.044766],[-85.309404,35.044704],[-85.309441,35.044642],[-85.309477,35.044581],[-85.309514,35.044519],[-85.309551,35.044457],[-85.309587,35.044396],[-85.309624,35.044334],[-85.30966,35.044272],[-85.309697,35.044211],[-85.309733,35.044149],[-85.30977,35.044088],[-85.309807,35.044026],[-85.309843,35.043964],[-85.30988,35.043903],[-85.309916,35.043841],[-85.309953,35.043779],[-85.30999,35.043718],[-85.310026,35.043656],[-85.310063,35.043594],[-85.310099,35.043533],[-85.310136,35.043471],[-85.310172,35.04341],[-85.310209,35.043348],[-85.310246,35.043286],[-85.310282,35.043225],[-85.310319,35.043163],[-85.310355,35.043101],[-85.310392,35.04304],[-85.310429,35.042978],[-85.310465,35.042917],[-85.310502,35.042855],[-85.310538,35.042793],[-85.310575,35.042732],[-85.310611,35.04267],[-85.310648,35.042608],[-85.310685,35.042547],[-85.310721,35.042485],[-85.310758,35.042423],[-85.310794,35.042362],[-85.310831,35.0423],[-85.310868,35.042239],[-85.310904,35.042177],[-85.310941,35.042115],[-85.310977,35.042054],[-85.311014,35.041992],[-85.31105,35.04193],[-85.311087,35.041869],[-85.311124,35.041807],[-85.31116,35.041745],[-85.311197,35.041684],[-85.311233,35.041622],[-85.31127,35.041561],[-85.311307,35.041499],[-85.311343,35.041437],[-85.31138,35.041376],[-85.311416,35.041314],[-85.311453,35.041252],[-85.311489,35.041191],[-85.311526,35.041129],[-85.311563,35.041067],[-85.311599,35.041006],[-85.311636,35.040944],[-85.311672,35.040883],[-85.311709,35.040821],[-85.311746,35.040759],[-85.311782,35.040698],[-85.311819,35.040636],[-85.311855,35.040574],[-85.311892,35.040513],[-85.311928,35.040451],[-85.311965,35.040389],[-85.312002,35.040328],[-85.312038,35.040266],[-85.312075,35.040205],[-85.312111,35.040143],[-85.312148,35.040081],[-85.312184,35.04002],[-85.312221,35.039958],[-85.312258,35.039896],[-85.312294,35.039835],[-85.312331,35.039773],[-85.312367,35.039711],[-85.312404,35.03965],[-85.312441,35.039588],[-85.312477,35.039527],[-85.312514,35.039465],[-85.31255,35.039403],[-85.312587,35.039342],[-85.312623,35.03928],[-85.31266,35.039218],[-85.312697,35.039157],[-85.312733,35.039095],[-85.31277,35.039033],[-85.312806,35.038972],[-85.312843,35.03891],[-85.31288,35.038849],[-85.312916,35.038787],[-85.312953,35.038725],[-85.312989,35.038664],[-85.313026,35.038602],[-85.313062,35.03854],[-85.313099,35.038479],[-85.313136,35.038417],[-85.313172,35.038355],[-85.313209,35.038294],[-85.313245,35.038232],[-85.313282,35.038171],[-85.313319,35.038109],[-85.313355,35.038047],[-85.313392,35.037986],[-85.313428,35.037924],[-85.313465,35.037862],[-85.313501,35.037801],[-85.313538,35.037739],[-85.313575,35.037677],[-85.313611,35.037616],[-85.313648,35.037554],[-85.313684,35.037493],[-85.313721,35.037431],[-85.313758,35.037369],[-85.313794,35.037308],[-85.313831,35.037246],[-85.313867,35.037184],[-85.313904,35.037123],[-85.31394,35.037061],[-85.313977,35.036999],[-85.314014,35.036938],[-85.31405,35.036876],[-85.314087,35.036815],[-85.314123,35.036753],[-85.31416,35.036691],[-85.314197,35.03663],[-85.314233,35.036568],[-85.31427,35.036506],[-85.314306,35.036445],[-85.314343,35.036383],[-85.314379,35.036321],[-85.314416,35.03626],[-85.314453,35.036198],[-85.314489,35.036137],[-85.314526,35.036075],[-85.314562,35.036013],[-85.314599,35.035952],[-85.314636,35.03589],[-85.314672,35.035828],[-85.314709,35.035767],[-85.314745,35.035705],[-85.314782,35.035643],[-85.314818,35.035582],[-85.314855,35.03552],[-85.314892,35.035459],[-85.314928,35.035397],[-85.314965,35.035335],[-85.315001,35.035274],[-85.315038,35.035212],[-85.315075,35.03515],[-85.315111,35.035089],[-85.315148,35.035027],[-85.315184,35.034965],[-85.315221,35.034904],[-85.315257,35.034842],[-85.315294,35.034781],[-85.315331,35.034719],[-85.315367,35.034657],[-85.315404,35.034596],[-85.31544,35.034534],[-85.315477,35.034472],[-85.315514,35.034411],[-85.31555,35.034349],[-85.315587,35.034287],[-85.315623,35.034226],[-85.31566,35.034164],[-85.315696,35.034103],[-85.315733,35.034041],[-85.31577,35.033979],[-85.315806,35.033918],[-85.315843,35.033856],[-85.315879,35.033794],[-85.315916,35.033733],[-85.315953,35.033671],[-85.315989,35.033609],[-85.316026,35.033548],[-85.316062,35.033486],[-85.316099,35.033425],[-85.316135,35.033363],[-85.316172,35.033301],[-85.316209,35.03324],[-85.316245,35.033178],[-85.316282,35.033116],[-85.316318,35.033055],[-85.316355,35.032993],[-85.316391,35.032931],[-85.316428,35.03287],[-85.316465,35.032808],[-85.316501,35.032747],[-85.316538,35.032685],[-85.316574,35.032623],[-85.316611,35.032562],[-85.316648,35.0325],[-85.316684,35.032438],[-85.316721,35.032377],[-85.316757,35.032315],[-85.316794,35.032253],[-85.316829,35.032191],[-85.316863,35.032129],[-85.316898,35.032066],[-85.316932,35.032004],[-85.316967,35.031942],[-85.317002,35.031879],[-85.317036,35.031817],[-85.317071,35.031754],[-85.317105,35.031692],[-85.31714,35.031629],[-85.317175,35.031567],[-85.317209,35.031505],[-85.317244,35.031442],[-85.317278,35.03138],[-85.317313,35.031317],[-85.317347,35.031255],[-85.317382,35.031193],[-85.317417,35.03113],[-85.317451,35.031068],[-85.317486,35.031005],[-85.31752,35.030943],[-85.317555,35.030881],[-85.317589,35.030818],[-85.317624,35.030756],[-85.317659,35.030693],[-85.317693,35.030631],[-85.317728,35.030569],[-85.317762,35.030506],[-85.317797,35.030444],[-85.317831,35.030381],[-85.317866,35.030319],[-85.317901,35.030257],[-85.317935,35.030194],[-85.31797,35.030132],[-85.318004,35.030069],[-85.318039,35.030007],[-85.318074,35.029945],[-85.318108,35.029882],[-85.318143,35.02982],[-85.318177,35.029757],[-85.318212,35.029695],[-85.318246,35.029632],[-85.318281,35.02957],[-85.318316,35.029508],[-85.31835,35.029445],[-85.318385,35.029383],[-85.318419,35.02932],[-85.318454,35.029258],[-85.318488,35.029196],[-85.318523,35.029133],[-85.318558,35.029071],[-85.318592,35.029008],[-85.318627,35.028946],[-85.318661,35.028884],[-85.318696,35.028821],[-85.318731,35.028759],[-85.318765,35.028696],[-85.3188,35.028634],[-85.318834,35.028572],[-85.318869,35.028509],[-85.318904,35.028447],[-85.318955,35.028393],[-85.319006,35.028339],[-85.319057,35.028284],[-85.319108,35.02823],[-85.319159,35.028176],[-85.31921,35.028121],[-85.319261,35.028067],[-85.319312,35.028013],[-85.319372,35.028022],[-85.319436,35.028066],[-85.3195,35.02811],[-85.319563,35.028155],[-85.319616,35.028205],[-85.319638,35.028271],[-85.31966,35.028337],[-85.319682,35.028403],[-85.319704,35.028469],[-85.319726,35.028535],[-85.319774,35.028569],[-85.319857,35.02856],[-85.31994,35.028551],[-85.320023,35.028541],[-85.320106,35.028532],[-85.320189,35.028523],[-85.320218,35.028571],[-85.320228,35.028639],[-85.320238,35.028707],[-85.320248,35.028775],[-85.320258,35.028843],[-85.320268,35.028911],[-85.320279,35.028979],[-85.320289,35.029047],[-85.320299,35.029115],[-85.320309,35.029183],[-85.320319,35.029251],[-85.320329,35.029319],[-85.320339,35.029387],[-85.320349,35.029455],[-85.320359,35.029523],[-85.320369,35.029591],[-85.32038,35.029659],[-85.32039,35.029727],[-85.3204,35.029795],[-85.320416,35.029862],[-85.320436,35.029929],[-85.320455,35.029995],[-85.320475,35.030062],[-85.320495,35.030129],[-85.320514,35.030195],[-85.320534,35.030262],[-85.320554,35.030328],[-85.320574,35.030395],[-85.32065,35.030414],[-85.320732,35.030429],[-85.320756,35.030472],[-85.320734,35.030538],[-85.320712,35.030604],[-85.320715,35.030671],[-85.320734,35.030738],[-85.320752,35.030805],[-85.32077,35.030872],[-85.320789,35.030938],[-85.320807,35.031005],[-85.320825,35.031072],[-85.320843,35.031139],[-85.320862,35.031206],[-85.32088,35.031273],[-85.320898,35.03134],[-85.320917,35.031407],[-85.320935,35.031473],[-85.320953,35.03154],[-85.320971,35.031607],[-85.32099,35.031674],[-85.321008,35.031741],[-85.321028,35.031807],[-85.321092,35.03185],[-85.321157,35.031894],[-85.321222,35.031937],[-85.321287,35.03198],[-85.321352,35.032023],[-85.321431,35.032038],[-85.321514,35.032044],[-85.321598,35.032049],[-85.321671,35.032032],[-85.321728,35.031983],[-85.321786,35.031933],[-85.321844,35.031883],[-85.321901,35.031833],[-85.321959,35.031784],[-85.322016,35.031734],[-85.322074,35.031684],[-85.322131,35.031634],[-85.322189,35.031584],[-85.322246,35.031535],[-85.322304,35.031485],[-85.322361,35.031435],[-85.322419,35.031385],[-85.322476,35.031336],[-85.322534,35.031286],[-85.322591,35.031236],[-85.322649,35.031186],[-85.322706,35.031136],[-85.322764,35.031087],[-85.322836,35.031079],[-85.322918,35.031095],[-85.322999,35.031112],[-85.32308,35.031128],[-85.323161,35.031145],[-85.32323,35.031176],[-85.323273,35.031234],[-85.323317,35.031293],[-85.323361,35.031351],[-85.323399,35.031412],[-85.323427,35.031476],[-85.323456,35.031541],[-85.323485,35.031605],[-85.323514,35.031669],[-85.323543,35.031734],[-85.323572,35.031798],[-85.323601,35.031862],[-85.323629,35.031927],[-85.323658,35.031991],[-85.323687,35.032055],[-85.323716,35.03212],[-85.323745,35.032184],[-85.323772,35.032245]]}},{"type":"Feature","properties":{"id":"zoo-loop-v2-full-public","name":"Zoo Loop","slug":"zoo-loop"},"geometry":{"type":"LineString","coordinates":[[-85.306413,35.049743],[-85.306417,35.049812],[-85.30642,35.04988],[-85.306423,35.049949],[-85.306427,35.050017],[-85.30643,35.050086],[-85.306434,35.050154],[-85.306437,35.050223],[-85.306441,35.050291],[-85.306444,35.05036],[-85.306448,35.050428],[-85.306451,35.050497],[-85.306454,35.050565],[-85.306458,35.050634],[-85.306461,35.050702],[-85.306465,35.05077],[-85.306468,35.050839],[-85.306472,35.050907],[-85.306475,35.050976],[-85.3065,35.051025],[-85.306584,35.051024],[-85.306668,35.051022],[-85.306751,35.051021],[-85.306835,35.05102],[-85.306919,35.051018],[-85.307002,35.051017],[-85.307086,35.051015],[-85.30717,35.051014],[-85.307254,35.051012],[-85.307337,35.051011],[-85.307421,35.05101],[-85.307505,35.051008],[-85.307496,35.051074],[-85.307483,35.051141],[-85.307471,35.051209],[-85.307458,35.051277],[-85.307446,35.051345],[-85.307434,35.051412],[-85.307421,35.05148],[-85.307409,35.051548],[-85.307397,35.051616],[-85.307384,35.051684],[-85.307372,35.051751],[-85.307359,35.051819],[-85.307347,35.051887],[-85.307335,35.051955],[-85.307322,35.052022],[-85.30731,35.05209],[-85.307298,35.052158],[-85.307285,35.052226],[-85.307273,35.052294],[-85.307261,35.052361],[-85.307248,35.052429],[-85.307236,35.052497],[-85.307223,35.052565],[-85.307211,35.052632],[-85.307199,35.0527],[-85.307186,35.052768],[-85.307174,35.052836],[-85.307162,35.052904],[-85.307149,35.052971],[-85.307137,35.053039],[-85.307124,35.053107],[-85.307112,35.053175],[-85.3071,35.053242],[-85.307087,35.05331],[-85.307075,35.053378],[-85.307063,35.053446],[-85.30705,35.053513],[-85.307038,35.053581],[-85.307025,35.053649],[-85.307013,35.053717],[-85.307001,35.053785],[-85.306988,35.053852],[-85.306976,35.05392],[-85.306964,35.053988],[-85.306951,35.054056],[-85.306939,35.054123],[-85.306926,35.054191],[-85.306914,35.054259],[-85.306902,35.054327],[-85.306889,35.054395],[-85.306877,35.054462],[-85.306865,35.05453],[-85.306852,35.054598],[-85.30684,35.054666],[-85.306828,35.054733],[-85.306815,35.054801],[-85.306803,35.054869],[-85.30679,35.054937],[-85.306778,35.055005],[-85.306766,35.055072],[-85.306753,35.05514],[-85.306741,35.055208],[-85.306729,35.055276],[-85.306716,35.055343],[-85.306704,35.055411],[-85.306691,35.055479],[-85.306679,35.055547],[-85.306667,35.055615],[-85.306654,35.055682],[-85.306642,35.05575],[-85.30663,35.055818],[-85.306617,35.055886],[-85.306605,35.055953],[-85.306592,35.056021],[-85.30658,35.056089],[-85.306568,35.056157],[-85.306555,35.056225],[-85.306543,35.056292],[-85.306531,35.05636],[-85.306518,35.056428],[-85.306506,35.056496],[-85.306493,35.056563],[-85.306481,35.056631],[-85.306469,35.056699],[-85.306456,35.056767],[-85.306444,35.056835],[-85.306432,35.056902],[-85.306419,35.05697],[-85.306407,35.057038],[-85.306394,35.057106],[-85.306382,35.057173],[-85.30637,35.057241],[-85.306357,35.057309],[-85.306345,35.057377],[-85.306333,35.057444],[-85.30632,35.057512],[-85.306308,35.05758],[-85.306296,35.057648],[-85.306283,35.057716],[-85.306271,35.057783],[-85.306258,35.057851],[-85.306246,35.057919],[-85.306234,35.057987],[-85.306221,35.058054],[-85.306209,35.058122],[-85.306197,35.05819],[-85.306184,35.058258],[-85.306172,35.058326],[-85.306159,35.058393],[-85.306147,35.058461],[-85.306135,35.058529],[-85.306122,35.058597],[-85.30611,35.058664],[-85.306098,35.058732],[-85.306085,35.0588],[-85.306073,35.058868],[-85.30606,35.058936],[-85.306048,35.059003],[-85.306036,35.059071],[-85.306023,35.059139],[-85.306011,35.059207],[-85.305999,35.059274],[-85.305986,35.059342],[-85.305974,35.05941],[-85.305961,35.059478],[-85.305949,35.059546],[-85.305937,35.059613],[-85.305924,35.059681],[-85.305912,35.059749],[-85.3059,35.059817],[-85.305887,35.059884],[-85.305875,35.059952],[-85.305863,35.06002],[-85.30585,35.060088],[-85.305838,35.060156],[-85.305807,35.060218],[-85.305768,35.060279],[-85.305729,35.06034],[-85.30569,35.0604],[-85.305651,35.060461],[-85.305612,35.060521],[-85.305573,35.060582],[-85.305534,35.060643],[-85.305494,35.060703],[-85.305455,35.060764],[-85.305416,35.060824],[-85.305377,35.060885],[-85.305338,35.060946],[-85.305299,35.061006],[-85.30526,35.061067],[-85.305221,35.061127],[-85.305182,35.061188],[-85.305143,35.061249],[-85.305103,35.061309],[-85.305064,35.06137],[-85.305025,35.06143],[-85.304986,35.061491],[-85.304947,35.061552],[-85.304908,35.061612],[-85.304869,35.061673],[-85.30483,35.061733],[-85.304759,35.061714],[-85.304683,35.061684],[-85.304608,35.061654],[-85.304533,35.061624],[-85.304457,35.061594],[-85.304382,35.061565],[-85.304307,35.061535],[-85.304231,35.061505],[-85.304156,35.061475],[-85.304081,35.061445],[-85.304005,35.061415],[-85.30393,35.061385],[-85.303855,35.061355],[-85.303779,35.061326],[-85.303704,35.061296],[-85.303628,35.061266],[-85.303553,35.061236],[-85.303478,35.061206],[-85.303397,35.061192],[-85.303314,35.061186],[-85.30323,35.061181],[-85.303147,35.061175],[-85.303063,35.061169],[-85.30298,35.061164],[-85.302897,35.061158],[-85.302813,35.061152],[-85.30273,35.061147],[-85.302646,35.061141],[-85.302563,35.061135],[-85.302479,35.06113],[-85.302396,35.061124],[-85.302313,35.061118],[-85.302229,35.061112],[-85.302146,35.061107],[-85.302062,35.061101],[-85.301979,35.061095],[-85.301898,35.061084],[-85.301836,35.061039],[-85.301773,35.060993],[-85.301715,35.060946],[-85.301732,35.060879],[-85.301749,35.060812],[-85.301765,35.060745],[-85.301782,35.060678],[-85.301799,35.060611],[-85.301816,35.060544],[-85.301833,35.060476],[-85.30185,35.060409],[-85.301866,35.060342],[-85.301883,35.060275],[-85.3019,35.060208],[-85.301917,35.060141],[-85.301934,35.060074],[-85.301951,35.060007],[-85.301967,35.059939],[-85.301984,35.059872],[-85.302001,35.059805],[-85.302018,35.059738],[-85.302035,35.059671],[-85.302052,35.059604],[-85.302068,35.059537],[-85.302085,35.05947],[-85.302102,35.059402],[-85.302119,35.059335],[-85.302136,35.059268],[-85.302153,35.059201],[-85.302169,35.059134],[-85.302186,35.059067],[-85.302203,35.059],[-85.30222,35.058933],[-85.302237,35.058865],[-85.302254,35.058798],[-85.30227,35.058731],[-85.302287,35.058664],[-85.302304,35.058597],[-85.302321,35.05853],[-85.302338,35.058463],[-85.302355,35.058395],[-85.302371,35.058328],[-85.302388,35.058261],[-85.302405,35.058194],[-85.302422,35.058127],[-85.302439,35.05806],[-85.302456,35.057993],[-85.302472,35.057926],[-85.302489,35.057858],[-85.302506,35.057791],[-85.302523,35.057724],[-85.30254,35.057657],[-85.302557,35.05759],[-85.302573,35.057523],[-85.30259,35.057456],[-85.302607,35.057389],[-85.302624,35.057321],[-85.302641,35.057254],[-85.302658,35.057187],[-85.302674,35.05712],[-85.302691,35.057053],[-85.302708,35.056986],[-85.302725,35.056919],[-85.302742,35.056852],[-85.302759,35.056784],[-85.302776,35.056717],[-85.302792,35.05665],[-85.302809,35.056583],[-85.302826,35.056516],[-85.302843,35.056449],[-85.30286,35.056382],[-85.302877,35.056315],[-85.302893,35.056247],[-85.30291,35.05618],[-85.302927,35.056113],[-85.302944,35.056046],[-85.302961,35.055979],[-85.302978,35.055912],[-85.302994,35.055845],[-85.303011,35.055777],[-85.303028,35.05571],[-85.303045,35.055643],[-85.303069,35.055578],[-85.303092,35.055512],[-85.303116,35.055446],[-85.30314,35.05538],[-85.303163,35.055315],[-85.303187,35.055249],[-85.30321,35.055183],[-85.303234,35.055117],[-85.303258,35.055052],[-85.303281,35.054986],[-85.303305,35.05492],[-85.303329,35.054854],[-85.303352,35.054789],[-85.303376,35.054723],[-85.303399,35.054657],[-85.303423,35.054591],[-85.303447,35.054526],[-85.30347,35.05446],[-85.303514,35.054402],[-85.303562,35.054346],[-85.303609,35.054289],[-85.303656,35.054232],[-85.303703,35.054176],[-85.303751,35.054119],[-85.303822,35.054084],[-85.303895,35.05405],[-85.303967,35.054016],[-85.30404,35.053982],[-85.304112,35.053947],[-85.304185,35.053913],[-85.304257,35.053879],[-85.304333,35.053855],[-85.304416,35.053861],[-85.3045,35.053867],[-85.304583,35.053873],[-85.304666,35.053879],[-85.30475,35.053885],[-85.304831,35.053899],[-85.304906,35.053929],[-85.304982,35.053958],[-85.305057,35.053988],[-85.305133,35.054017],[-85.305209,35.054046],[-85.305284,35.054076],[-85.30536,35.054105],[-85.305435,35.054135],[-85.305511,35.054164],[-85.305587,35.054193],[-85.305662,35.054223],[-85.305718,35.054274],[-85.305774,35.054325],[-85.305829,35.054376],[-85.305885,35.054428],[-85.30594,35.054479],[-85.305996,35.05453],[-85.306052,35.054581],[-85.306107,35.054633],[-85.306163,35.054684],[-85.306218,35.054735],[-85.306274,35.054786],[-85.30633,35.054837],[-85.306385,35.054889],[-85.306441,35.05494],[-85.306497,35.054991],[-85.306567,35.055006],[-85.306649,35.054992],[-85.306732,35.054979],[-85.306814,35.054966],[-85.306896,35.054953],[-85.306978,35.05494],[-85.30706,35.054927],[-85.307142,35.054913],[-85.307224,35.0549],[-85.307307,35.054887],[-85.307389,35.054874],[-85.307471,35.054861],[-85.307553,35.054847],[-85.307614,35.05482],[-85.307612,35.054752],[-85.30761,35.054683],[-85.307608,35.054615],[-85.307606,35.054546],[-85.307604,35.054478],[-85.307602,35.054409],[-85.3076,35.054341],[-85.307598,35.054272],[-85.307596,35.054204],[-85.307594,35.054135],[-85.307592,35.054067],[-85.30759,35.053998],[-85.307588,35.05393],[-85.307586,35.053861],[-85.307584,35.053793],[-85.307582,35.053724],[-85.30758,35.053656],[-85.307578,35.053587],[-85.307576,35.053519],[-85.307574,35.05345],[-85.307572,35.053382],[-85.30757,35.053313],[-85.307568,35.053245],[-85.307566,35.053176],[-85.307564,35.053108],[-85.307562,35.053039],[-85.30756,35.052971],[-85.307558,35.052902],[-85.307556,35.052834],[-85.307554,35.052765],[-85.307552,35.052697],[-85.30755,35.052628],[-85.307548,35.05256],[-85.307546,35.052491],[-85.307544,35.052423],[-85.307542,35.052354],[-85.30754,35.052286],[-85.307538,35.052217],[-85.307536,35.052149],[-85.307534,35.05208],[-85.307532,35.052012],[-85.30753,35.051943],[-85.307528,35.051875],[-85.307526,35.051806],[-85.307524,35.051738],[-85.307522,35.051669],[-85.30752,35.051601],[-85.307518,35.051532],[-85.307516,35.051464],[-85.307514,35.051395],[-85.307512,35.051327],[-85.30751,35.051258],[-85.307508,35.05119],[-85.307506,35.051121],[-85.307504,35.051053],[-85.307502,35.050984],[-85.3075,35.050916],[-85.307498,35.050847],[-85.307496,35.050778],[-85.307494,35.05071],[-85.307492,35.050641],[-85.307489,35.050573],[-85.307487,35.050504],[-85.307485,35.050436],[-85.307483,35.050367],[-85.307481,35.050299],[-85.307479,35.05023],[-85.307477,35.050162],[-85.307475,35.050093],[-85.307473,35.050025],[-85.307471,35.049956],[-85.307469,35.049888],[-85.307467,35.049819],[-85.307465,35.049751],[-85.307411,35.049726],[-85.307328,35.049727],[-85.307244,35.049729],[-85.30716,35.04973],[-85.307077,35.049731],[-85.306993,35.049732],[-85.306909,35.049733],[-85.306826,35.049734],[-85.306742,35.049735],[-85.306658,35.049736],[-85.306575,35.049737],[-85.306491,35.049738],[-85.306407,35.049739],[-85.306323,35.04974],[-85.30624,35.049741],[-85.306156,35.049742],[-85.306072,35.049743],[-85.306011,35.049772],[-85.305975,35.049834],[-85.305939,35.049896],[-85.305904,35.049958],[-85.305868,35.05002],[-85.305804,35.050028],[-85.305725,35.050006],[-85.305649,35.049977],[-85.305573,35.049949],[-85.305497,35.04992],[-85.305421,35.049891],[-85.305345,35.049862],[-85.305269,35.049833],[-85.305194,35.049804],[-85.305118,35.049775],[-85.305042,35.049747],[-85.304966,35.049718],[-85.30489,35.049689],[-85.304814,35.04966],[-85.304738,35.049631],[-85.304662,35.049602],[-85.304586,35.049573],[-85.30451,35.049545],[-85.304434,35.049516],[-85.304358,35.049487],[-85.304282,35.049458],[-85.304207,35.049429],[-85.304131,35.0494],[-85.304055,35.049371],[-85.303979,35.049343],[-85.303903,35.049314],[-85.303827,35.049285],[-85.303751,35.049256],[-85.303675,35.049227],[-85.303599,35.049198],[-85.303523,35.049169],[-85.303447,35.049141],[-85.303371,35.049112],[-85.303295,35.049083],[-85.30322,35.049054],[-85.303144,35.049025],[-85.303068,35.048996],[-85.302992,35.048967],[-85.302916,35.048939],[-85.30284,35.04891],[-85.302764,35.048881],[-85.302688,35.048852],[-85.302612,35.048823],[-85.302536,35.048794],[-85.30246,35.048766],[-85.302384,35.048737],[-85.302308,35.048708],[-85.302232,35.048679],[-85.302157,35.04865],[-85.302081,35.048621],[-85.302005,35.048592],[-85.301929,35.048564],[-85.301853,35.048535],[-85.301777,35.048506],[-85.301701,35.048477],[-85.301625,35.048448],[-85.301549,35.048419],[-85.301473,35.04839],[-85.301397,35.048362],[-85.301321,35.048333],[-85.301245,35.048304],[-85.30117,35.048275],[-85.301094,35.048246],[-85.301018,35.048217],[-85.300942,35.048188],[-85.300866,35.04816],[-85.30079,35.048131],[-85.300714,35.048102],[-85.300638,35.048073],[-85.300562,35.048044],[-85.300486,35.048015],[-85.30041,35.047986],[-85.300334,35.047958],[-85.300258,35.047929],[-85.300183,35.0479],[-85.300107,35.047871],[-85.300031,35.047842],[-85.299955,35.047813],[-85.299879,35.047784],[-85.299803,35.047756],[-85.299727,35.047727],[-85.299651,35.047698],[-85.299575,35.047669],[-85.299499,35.04764],[-85.299423,35.047611],[-85.299347,35.047582],[-85.299271,35.047554],[-85.299196,35.047525],[-85.29912,35.047496],[-85.299044,35.047467],[-85.298968,35.047438],[-85.298892,35.047409],[-85.298816,35.04738],[-85.29874,35.047352],[-85.298664,35.047323],[-85.298588,35.047294],[-85.298512,35.047265],[-85.298436,35.047236],[-85.29836,35.047207],[-85.298284,35.047178],[-85.298209,35.04715],[-85.298133,35.047121],[-85.298057,35.047092],[-85.297981,35.047063],[-85.297905,35.047034],[-85.297829,35.047005],[-85.297753,35.046976],[-85.297677,35.046948],[-85.297601,35.046919],[-85.297525,35.04689],[-85.297449,35.046861],[-85.297373,35.046832],[-85.297297,35.046803],[-85.297222,35.046774],[-85.297146,35.046746],[-85.29707,35.046717],[-85.296994,35.046688],[-85.296918,35.046659],[-85.296842,35.04663],[-85.296766,35.046601],[-85.29669,35.046572],[-85.296614,35.046544],[-85.296538,35.046515],[-85.296462,35.046486],[-85.296386,35.046457],[-85.29631,35.046428],[-85.296235,35.046399],[-85.296159,35.04637],[-85.296083,35.046342],[-85.296007,35.046313],[-85.295931,35.046284],[-85.295855,35.046255],[-85.295779,35.046226],[-85.295703,35.046197],[-85.295627,35.046169],[-85.295551,35.04614],[-85.295475,35.046111],[-85.295399,35.046082],[-85.295323,35.046053],[-85.295248,35.046024],[-85.295172,35.045995],[-85.295096,35.045967],[-85.29502,35.045938],[-85.294944,35.045909],[-85.294868,35.04588],[-85.294792,35.045851],[-85.294716,35.045822],[-85.29464,35.045793],[-85.294564,35.045765],[-85.294488,35.045736],[-85.294412,35.045707],[-85.294336,35.045678],[-85.294261,35.045649],[-85.294185,35.04562],[-85.294109,35.045591],[-85.294033,35.045563],[-85.293957,35.045534],[-85.293881,35.045505],[-85.293805,35.045476],[-85.293729,35.045447],[-85.293653,35.045418],[-85.293577,35.045389],[-85.293501,35.045361],[-85.293425,35.045332],[-85.293349,35.045303],[-85.293274,35.045274],[-85.293198,35.045245],[-85.293122,35.045216],[-85.293046,35.045187],[-85.29297,35.045159],[-85.292894,35.04513],[-85.292818,35.045101],[-85.292742,35.045072],[-85.292666,35.045043],[-85.29259,35.045014],[-85.292514,35.044985],[-85.292438,35.044957],[-85.292362,35.044928],[-85.292287,35.044899],[-85.292211,35.04487],[-85.292135,35.044841],[-85.292059,35.044812],[-85.291983,35.044783],[-85.291907,35.044755],[-85.291831,35.044726],[-85.291755,35.044697],[-85.291679,35.044668],[-85.291603,35.044639],[-85.291527,35.04461],[-85.291451,35.044581],[-85.291375,35.044553],[-85.2913,35.044524],[-85.291224,35.044495],[-85.291148,35.044466],[-85.291072,35.044437],[-85.290996,35.044408],[-85.29092,35.044379],[-85.290844,35.044351],[-85.290768,35.044322],[-85.290692,35.044293],[-85.290616,35.044264],[-85.29054,35.044235],[-85.290464,35.044206],[-85.290388,35.044177],[-85.290313,35.044149],[-85.290237,35.04412],[-85.290161,35.044091],[-85.290085,35.044062],[-85.290009,35.044033],[-85.289933,35.044004],[-85.289857,35.043975],[-85.289847,35.043927],[-85.289881,35.043864],[-85.289915,35.043801],[-85.28995,35.043739],[-85.289984,35.043676],[-85.290018,35.043614],[-85.290052,35.043551],[-85.290086,35.043489],[-85.290121,35.043426],[-85.290155,35.043364],[-85.290189,35.043301],[-85.290223,35.043239],[-85.290258,35.043176],[-85.290292,35.043114],[-85.290326,35.043051],[-85.29036,35.042989],[-85.290395,35.042926],[-85.290429,35.042863],[-85.290463,35.042801],[-85.290497,35.042738],[-85.290532,35.042676],[-85.290566,35.042613],[-85.2906,35.042551],[-85.290634,35.042488],[-85.290669,35.042426],[-85.290703,35.042363],[-85.290737,35.042301],[-85.290771,35.042238],[-85.290806,35.042176],[-85.29084,35.042113],[-85.290874,35.042051],[-85.290908,35.041988],[-85.290942,35.041926],[-85.290865,35.041898],[-85.290789,35.041869],[-85.290713,35.041841],[-85.290637,35.041813],[-85.29056,35.041785],[-85.290484,35.041756],[-85.290408,35.041728],[-85.290331,35.0417],[-85.290255,35.041672],[-85.290179,35.041644],[-85.290103,35.041615],[-85.290026,35.041587],[-85.28995,35.041559],[-85.289874,35.041531],[-85.289798,35.041502],[-85.289721,35.041474],[-85.289645,35.041446],[-85.289569,35.041418],[-85.289492,35.04139],[-85.289416,35.041361],[-85.28934,35.041333],[-85.289264,35.041305],[-85.289187,35.041277],[-85.289111,35.041248],[-85.289035,35.04122],[-85.288959,35.041192],[-85.288882,35.041164],[-85.288806,35.041135],[-85.28873,35.041107],[-85.288653,35.041079],[-85.288577,35.041051],[-85.288501,35.041023],[-85.288425,35.040994],[-85.288348,35.040966],[-85.288272,35.040938],[-85.288196,35.04091],[-85.28812,35.040881],[-85.288043,35.040853],[-85.287967,35.040825],[-85.287891,35.040797],[-85.287814,35.040769],[-85.287738,35.04074],[-85.287662,35.040712],[-85.287586,35.040684],[-85.287509,35.040656],[-85.287433,35.040627],[-85.287357,35.040599],[-85.287281,35.040571],[-85.287204,35.040543],[-85.287128,35.040515],[-85.287052,35.040486],[-85.286975,35.040458],[-85.286899,35.04043],[-85.286823,35.040402],[-85.286747,35.040373],[-85.28667,35.040345],[-85.286594,35.040317],[-85.286518,35.040289],[-85.286442,35.040261],[-85.286365,35.040232],[-85.286289,35.040204],[-85.286213,35.040176],[-85.286137,35.040148],[-85.28606,35.040119],[-85.285984,35.040091],[-85.285908,35.040063],[-85.285831,35.040035],[-85.285755,35.040007],[-85.285679,35.039978],[-85.285603,35.03995],[-85.285526,35.039922],[-85.28545,35.039894],[-85.285374,35.039865],[-85.285298,35.039837],[-85.285221,35.039809],[-85.285145,35.039781],[-85.285069,35.039753],[-85.284992,35.039724],[-85.284916,35.039696],[-85.284913,35.03976],[-85.284913,35.039829],[-85.284913,35.039897],[-85.284913,35.039966],[-85.284913,35.040034],[-85.284913,35.040103],[-85.284913,35.040171],[-85.284913,35.04024],[-85.284913,35.040308],[-85.284905,35.040375],[-85.284867,35.040437],[-85.28483,35.040498],[-85.284792,35.040559],[-85.284724,35.040592],[-85.284645,35.040617],[-85.284567,35.040641],[-85.284489,35.040666],[-85.284411,35.04069],[-85.284333,35.040714],[-85.284254,35.040739],[-85.284176,35.040763],[-85.284098,35.040788],[-85.284041,35.04083],[-85.284009,35.040893],[-85.283978,35.040957],[-85.283947,35.04102],[-85.283915,35.041084],[-85.283884,35.041147],[-85.283853,35.041211],[-85.283822,35.041274],[-85.28379,35.041338],[-85.283759,35.041402],[-85.283728,35.041465],[-85.283696,35.041529],[-85.283665,35.041592],[-85.283634,35.041656],[-85.283603,35.041719],[-85.283571,35.041783],[-85.28354,35.041847],[-85.283509,35.04191],[-85.283477,35.041974],[-85.283403,35.042],[-85.283324,35.042024],[-85.283245,35.042048],[-85.283167,35.042071],[-85.283088,35.042095],[-85.28301,35.042118],[-85.282931,35.042142],[-85.282852,35.042166],[-85.282772,35.042159],[-85.282691,35.042142],[-85.28261,35.042125],[-85.282529,35.042107],[-85.282448,35.04209],[-85.282367,35.042073],[-85.282311,35.042104],[-85.282269,35.042164],[-85.282227,35.042223],[-85.282185,35.042282],[-85.282144,35.042342],[-85.282102,35.042401],[-85.28206,35.04246],[-85.282018,35.04252],[-85.281976,35.042579],[-85.281934,35.042638],[-85.281892,35.042698],[-85.28185,35.042757],[-85.281809,35.042816],[-85.281754,35.042859],[-85.281671,35.042867],[-85.281587,35.042875],[-85.281517,35.042838],[-85.281447,35.0428],[-85.281377,35.042763],[-85.281307,35.042725],[-85.281237,35.042688],[-85.281167,35.04265],[-85.281097,35.042613],[-85.281125,35.042551],[-85.281158,35.042488],[-85.281192,35.042426],[-85.281225,35.042363],[-85.281258,35.0423],[-85.281292,35.042237],[-85.281343,35.042187],[-85.281412,35.042147],[-85.281481,35.042108],[-85.281553,35.042074],[-85.281631,35.042049],[-85.281709,35.042025],[-85.281787,35.042],[-85.281865,35.041975],[-85.281944,35.04197],[-85.282024,35.041989],[-85.282104,35.042009],[-85.282184,35.042029],[-85.282265,35.042049],[-85.282343,35.042062],[-85.282403,35.042014],[-85.282462,35.041966],[-85.282522,35.041918],[-85.282581,35.04187],[-85.282641,35.041822],[-85.282701,35.041774],[-85.28276,35.041726],[-85.28282,35.041678],[-85.28288,35.041629],[-85.282939,35.041581],[-85.282999,35.041533],[-85.283059,35.041485],[-85.283118,35.041437],[-85.283178,35.041389],[-85.283237,35.041341],[-85.283297,35.041293],[-85.283357,35.041245],[-85.283416,35.041197],[-85.283476,35.041149],[-85.283536,35.041101],[-85.283595,35.041052],[-85.283655,35.041004],[-85.283715,35.040956],[-85.283774,35.040908],[-85.283834,35.04086],[-85.283893,35.040812],[-85.283953,35.040764],[-85.284013,35.040716],[-85.284072,35.040668],[-85.284132,35.04062],[-85.284192,35.040572],[-85.284251,35.040524],[-85.284311,35.040475],[-85.284371,35.040427],[-85.28443,35.040379],[-85.28449,35.040331],[-85.284549,35.040283],[-85.284609,35.040235],[-85.284669,35.040187],[-85.284728,35.040139],[-85.284788,35.040091],[-85.284848,35.040043],[-85.284907,35.039995],[-85.284967,35.039946],[-85.285027,35.039898],[-85.285086,35.03985],[-85.285146,35.039802],[-85.28519,35.039745],[-85.285224,35.039683],[-85.285257,35.03962],[-85.285291,35.039557],[-85.285324,35.039494],[-85.285358,35.039432],[-85.285391,35.039369],[-85.285425,35.039306],[-85.285458,35.039243],[-85.285492,35.03918],[-85.285525,35.039118],[-85.285559,35.039055],[-85.285593,35.038992],[-85.285626,35.038929],[-85.28566,35.038866],[-85.285693,35.038804],[-85.285727,35.038741],[-85.28576,35.038678],[-85.285794,35.038615],[-85.285827,35.038553],[-85.285861,35.03849],[-85.285894,35.038427],[-85.285928,35.038364],[-85.285962,35.038301],[-85.285995,35.038239],[-85.286029,35.038176],[-85.286062,35.038113],[-85.286096,35.03805],[-85.286129,35.037988],[-85.286163,35.037925],[-85.286196,35.037862],[-85.28623,35.037799],[-85.286263,35.037736],[-85.286297,35.037674],[-85.286331,35.037611],[-85.286364,35.037548],[-85.286427,35.037561],[-85.286499,35.037597],[-85.28657,35.037632],[-85.286642,35.037668],[-85.286713,35.037704],[-85.286785,35.037739],[-85.286856,35.037775],[-85.286928,35.03781],[-85.286999,35.037846],[-85.287071,35.037881],[-85.287142,35.037917],[-85.287214,35.037953],[-85.287286,35.037988],[-85.287357,35.038024],[-85.287429,35.038059],[-85.2875,35.038095],[-85.287572,35.03813],[-85.287643,35.038166],[-85.287715,35.038202],[-85.287786,35.038237],[-85.287858,35.038273],[-85.287929,35.038308],[-85.288001,35.038344],[-85.288073,35.038379],[-85.288144,35.038415],[-85.288219,35.038445],[-85.288296,35.038472],[-85.288373,35.038499],[-85.28845,35.038526],[-85.288527,35.038553],[-85.288604,35.03858],[-85.288681,35.038607],[-85.288757,35.038634],[-85.288834,35.038661],[-85.288911,35.038688],[-85.288988,35.038715],[-85.289065,35.038742],[-85.289142,35.038769],[-85.289219,35.038796],[-85.289296,35.038823],[-85.289373,35.03885],[-85.28945,35.038876],[-85.289527,35.038903],[-85.289604,35.03893],[-85.289681,35.038957],[-85.289758,35.038984],[-85.289835,35.039011],[-85.289912,35.039038],[-85.289989,35.039065],[-85.290066,35.039092],[-85.290143,35.039119],[-85.29022,35.039146],[-85.290297,35.039173],[-85.290374,35.0392],[-85.290451,35.039227],[-85.290528,35.039254],[-85.290605,35.03928],[-85.290682,35.039307],[-85.290758,35.039334],[-85.290835,35.039361],[-85.290912,35.039388],[-85.290989,35.039415],[-85.291066,35.039442],[-85.291143,35.039469],[-85.29122,35.039496],[-85.291297,35.039523],[-85.291374,35.03955],[-85.291451,35.039577],[-85.291528,35.039604],[-85.291605,35.039631],[-85.291682,35.039658],[-85.291759,35.039685],[-85.291836,35.039711],[-85.291913,35.039738],[-85.29199,35.039765],[-85.292067,35.039792],[-85.292144,35.039819],[-85.292221,35.039846],[-85.292298,35.039873],[-85.292375,35.0399],[-85.292452,35.039927],[-85.292529,35.039954],[-85.292606,35.039981],[-85.292682,35.040008],[-85.292759,35.040035],[-85.292836,35.040062],[-85.292913,35.040089],[-85.29299,35.040116],[-85.293067,35.040142],[-85.293144,35.040169],[-85.293221,35.040196],[-85.293298,35.040223],[-85.293375,35.04025],[-85.293452,35.040277],[-85.293529,35.040304],[-85.293606,35.040331],[-85.293683,35.040358],[-85.29376,35.040385],[-85.293778,35.040431],[-85.293743,35.040493],[-85.293708,35.040555],[-85.293673,35.040617],[-85.293638,35.04068],[-85.293603,35.040742],[-85.293568,35.040804],[-85.293533,35.040866],[-85.293498,35.040929],[-85.293463,35.040991],[-85.293428,35.041053],[-85.293393,35.041116],[-85.293358,35.041178],[-85.293323,35.04124],[-85.293288,35.041302],[-85.293253,35.041365],[-85.293218,35.041427],[-85.293183,35.041489],[-85.293149,35.041551],[-85.293114,35.041614],[-85.293079,35.041676],[-85.293116,35.041716],[-85.293192,35.041745],[-85.293268,35.041774],[-85.293344,35.041803],[-85.29342,35.041832],[-85.293496,35.041861],[-85.293572,35.041889],[-85.293648,35.041918],[-85.293724,35.041947],[-85.293799,35.041976],[-85.293875,35.042005],[-85.293951,35.042034],[-85.294027,35.042062],[-85.294103,35.042091],[-85.294179,35.04212],[-85.294255,35.042149],[-85.294331,35.042178],[-85.294407,35.042207],[-85.294483,35.042235],[-85.294559,35.042264],[-85.294635,35.042293],[-85.294711,35.042322],[-85.294787,35.042351],[-85.294863,35.04238],[-85.294938,35.042408],[-85.295014,35.042437],[-85.29509,35.042466],[-85.295166,35.042495],[-85.295242,35.042524],[-85.295318,35.042553],[-85.295394,35.042581],[-85.29547,35.04261],[-85.295546,35.042639],[-85.295622,35.042668],[-85.295698,35.042697],[-85.295774,35.042726],[-85.29585,35.042754],[-85.295926,35.042783],[-85.296001,35.042812],[-85.296077,35.042841],[-85.296153,35.04287],[-85.296229,35.042899],[-85.296305,35.042927],[-85.296381,35.042956],[-85.296457,35.042985],[-85.296533,35.043014],[-85.296609,35.043043],[-85.296685,35.043072],[-85.296761,35.0431],[-85.296837,35.043129],[-85.296913,35.043158],[-85.296989,35.043187],[-85.297065,35.043216],[-85.29714,35.043245],[-85.297216,35.043273],[-85.297292,35.043302],[-85.297368,35.043331],[-85.297444,35.04336],[-85.29752,35.043389],[-85.297596,35.043418],[-85.297672,35.043447],[-85.297748,35.043475],[-85.297824,35.043504],[-85.2979,35.043533],[-85.297976,35.043562],[-85.298052,35.043591],[-85.298096,35.043625],[-85.298041,35.043677],[-85.297987,35.043729],[-85.297932,35.043781],[-85.297878,35.043833],[-85.297848,35.043894],[-85.297843,35.043962],[-85.297837,35.04403],[-85.297831,35.044099],[-85.297754,35.044115],[-85.297672,35.044126],[-85.297589,35.044137],[-85.297617,35.044181],[-85.297672,35.044232],[-85.297717,35.044281],[-85.297635,35.044296],[-85.297553,35.044311],[-85.297501,35.044358],[-85.297462,35.044418],[-85.297422,35.044479],[-85.297382,35.044539],[-85.297343,35.044599],[-85.297303,35.04466],[-85.297263,35.04472],[-85.297218,35.044773],[-85.297134,35.044781],[-85.297051,35.044788],[-85.296968,35.044796],[-85.296885,35.044803],[-85.296817,35.044834],[-85.296766,35.044888],[-85.296714,35.044942],[-85.296662,35.044996],[-85.29661,35.045049],[-85.296571,35.04511],[-85.296532,35.045171],[-85.296494,35.045231],[-85.296455,35.045292],[-85.296416,35.045353],[-85.296378,35.045414],[-85.296339,35.045475],[-85.296315,35.04554],[-85.296296,35.045606],[-85.296277,35.045673],[-85.296259,35.04574],[-85.29624,35.045807],[-85.296221,35.045874],[-85.296203,35.04594],[-85.296184,35.046007],[-85.296165,35.046074],[-85.296147,35.046141],[-85.296128,35.046208],[-85.296109,35.046274],[-85.296092,35.046335]]}},{"type":"Feature","properties":{"id":"Riverwalk_trail-test-public","name":"Riverwalk Greenway Trail","slug":"riverwalk-greenway-trail"},"geometry":{"type":"LineString","coordinates":[[-85.320189,35.028468],[-85.320179,35.0284],[-85.320169,35.028332],[-85.320159,35.028264],[-85.320148,35.028196],[-85.320138,35.028128],[-85.320128,35.02806],[-85.320118,35.027992],[-85.320108,35.027924],[-85.320098,35.027855],[-85.320088,35.027787],[-85.320093,35.027721],[-85.320122,35.027657],[-85.32015,35.027592],[-85.320179,35.027528],[-85.320208,35.027463],[-85.320236,35.027399],[-85.320265,35.027334],[-85.320293,35.02727],[-85.320322,35.027206],[-85.32035,35.027141],[-85.320379,35.027077],[-85.320407,35.027012],[-85.320436,35.026948],[-85.320465,35.026883],[-85.320493,35.026819],[-85.320522,35.026755],[-85.32055,35.02669],[-85.320579,35.026626],[-85.320607,35.026561],[-85.320636,35.026497],[-85.320664,35.026433],[-85.320693,35.026368],[-85.320721,35.026304],[-85.32075,35.026239],[-85.320779,35.026175],[-85.320807,35.02611],[-85.320836,35.026046],[-85.320864,35.025982],[-85.320893,35.025917],[-85.320921,35.025853],[-85.32095,35.025788],[-85.320978,35.025724],[-85.321007,35.02566],[-85.321035,35.025595],[-85.321064,35.025531],[-85.321093,35.025466],[-85.321121,35.025402],[-85.32115,35.025337],[-85.321178,35.025273],[-85.321207,35.025209],[-85.321235,35.025144],[-85.321264,35.02508],[-85.321292,35.025015],[-85.321321,35.024951],[-85.321349,35.024887],[-85.321378,35.024822],[-85.321407,35.024758],[-85.321435,35.024693],[-85.321464,35.024629],[-85.321492,35.024564],[-85.321521,35.0245],[-85.321549,35.024436],[-85.321578,35.024371],[-85.321606,35.024307],[-85.321635,35.024242],[-85.321663,35.024178],[-85.321692,35.024114],[-85.321721,35.024049],[-85.321749,35.023985],[-85.321778,35.02392],[-85.321806,35.023856],[-85.321835,35.023791],[-85.321863,35.023727],[-85.321892,35.023663],[-85.32192,35.023598],[-85.321949,35.023534],[-85.321977,35.023469],[-85.322006,35.023405],[-85.322035,35.023341],[-85.322063,35.023276],[-85.322092,35.023212],[-85.32212,35.023147],[-85.322149,35.023083],[-85.322177,35.023018],[-85.322206,35.022954],[-85.322234,35.02289],[-85.322263,35.022825],[-85.322291,35.022761],[-85.32232,35.022696],[-85.322349,35.022632],[-85.322377,35.022568],[-85.322406,35.022503],[-85.322434,35.022439],[-85.322463,35.022374],[-85.322491,35.02231],[-85.32252,35.022245],[-85.322548,35.022181],[-85.322577,35.022117],[-85.322606,35.022052],[-85.322634,35.021988],[-85.322663,35.021923],[-85.322691,35.021859],[-85.32272,35.021795],[-85.322748,35.02173],[-85.322777,35.021666],[-85.322805,35.021601],[-85.322834,35.021537],[-85.322862,35.021472],[-85.322891,35.021408],[-85.32292,35.021344],[-85.322948,35.021279],[-85.322977,35.021215],[-85.323005,35.02115],[-85.323034,35.021086],[-85.323062,35.021022],[-85.323091,35.020957],[-85.323119,35.020893],[-85.323148,35.020828],[-85.323176,35.020764],[-85.323205,35.020699],[-85.323234,35.020635],[-85.323262,35.020571],[-85.323291,35.020506],[-85.323319,35.020442],[-85.323348,35.020377],[-85.323376,35.020313],[-85.323405,35.020249],[-85.323433,35.020184],[-85.323462,35.02012],[-85.32349,35.020055],[-85.323519,35.019991],[-85.323548,35.019926],[-85.323576,35.019862],[-85.323605,35.019798],[-85.323633,35.019733],[-85.323662,35.019669],[-85.32369,35.019604],[-85.323719,35.01954],[-85.323747,35.019476],[-85.323776,35.019411],[-85.323804,35.019347],[-85.323833,35.019282],[-85.323862,35.019218],[-85.32389,35.019153],[-85.323919,35.019089],[-85.323947,35.019025],[-85.323976,35.01896],[-85.324004,35.018896],[-85.324033,35.018831],[-85.324061,35.018767],[-85.32409,35.018703],[-85.324118,35.018638],[-85.324147,35.018574],[-85.324176,35.018509],[-85.324204,35.018445],[-85.324233,35.01838],[-85.324261,35.018316],[-85.32429,35.018252],[-85.324318,35.018187],[-85.324347,35.018123],[-85.324375,35.018058],[-85.324404,35.017994],[-85.324432,35.01793],[-85.324461,35.017865],[-85.32449,35.017801],[-85.324518,35.017736],[-85.324547,35.017672],[-85.324575,35.017607],[-85.324604,35.017543],[-85.324632,35.017479],[-85.324661,35.017414],[-85.324689,35.01735],[-85.324718,35.017285],[-85.324747,35.017221],[-85.324775,35.017157],[-85.324804,35.017092],[-85.324832,35.017028],[-85.324861,35.016963],[-85.324889,35.016899],[-85.324918,35.016834],[-85.324946,35.01677],[-85.324975,35.016706],[-85.325003,35.016641],[-85.325032,35.016577],[-85.325061,35.016512],[-85.325089,35.016448],[-85.325118,35.016384],[-85.325146,35.016319],[-85.325175,35.016255],[-85.325203,35.01619],[-85.325232,35.016126],[-85.32526,35.016061],[-85.325289,35.015997],[-85.325317,35.015933],[-85.325346,35.015868],[-85.325375,35.015804],[-85.325403,35.015739],[-85.325432,35.015675],[-85.32546,35.01561],[-85.325489,35.015546],[-85.325517,35.015482],[-85.325546,35.015417],[-85.325574,35.015353],[-85.325603,35.015288],[-85.325631,35.015224],[-85.32566,35.01516],[-85.325689,35.015095],[-85.325717,35.015031],[-85.325746,35.014966],[-85.325774,35.014902],[-85.325803,35.014837],[-85.325831,35.014773],[-85.32586,35.014709],[-85.325888,35.014644],[-85.325917,35.01458],[-85.325945,35.014515],[-85.325974,35.014451],[-85.326003,35.014387],[-85.326031,35.014322],[-85.32606,35.014258],[-85.326088,35.014193],[-85.326117,35.014129],[-85.326145,35.014064],[-85.326174,35.014],[-85.326202,35.013936],[-85.326231,35.013871],[-85.326259,35.013807],[-85.326288,35.013742],[-85.326317,35.013678],[-85.326345,35.013614],[-85.326374,35.013549],[-85.326402,35.013485],[-85.326431,35.01342],[-85.326459,35.013356],[-85.326488,35.013291],[-85.326516,35.013227],[-85.326545,35.013163],[-85.326573,35.013098],[-85.326602,35.013034],[-85.326631,35.012969],[-85.326659,35.012905],[-85.326688,35.012841],[-85.326716,35.012776],[-85.326745,35.012712],[-85.326773,35.012647],[-85.326802,35.012583],[-85.32683,35.012518],[-85.326859,35.012454],[-85.326888,35.01239],[-85.326916,35.012325],[-85.326945,35.012261],[-85.326973,35.012196],[-85.327002,35.012132],[-85.32703,35.012068],[-85.327059,35.012003],[-85.327087,35.011939],[-85.327116,35.011874],[-85.327144,35.01181],[-85.327173,35.011745],[-85.327202,35.011681],[-85.32723,35.011617],[-85.327259,35.011552],[-85.327287,35.011488],[-85.327316,35.011423],[-85.327344,35.011359],[-85.327373,35.011295],[-85.327401,35.01123],[-85.32743,35.011166],[-85.327458,35.011101],[-85.327487,35.011037],[-85.327516,35.010972],[-85.327544,35.010908],[-85.327573,35.010844],[-85.327601,35.010779],[-85.32763,35.010715],[-85.327658,35.01065],[-85.327687,35.010586],[-85.327715,35.010522],[-85.327744,35.010457],[-85.327772,35.010393],[-85.327801,35.010328],[-85.32783,35.010264],[-85.327858,35.010199],[-85.327887,35.010135],[-85.327915,35.010071],[-85.327944,35.010006],[-85.327972,35.009942],[-85.328001,35.009877],[-85.328029,35.009813],[-85.328058,35.009749],[-85.328106,35.009777],[-85.328158,35.00983],[-85.328211,35.009883],[-85.328264,35.009936],[-85.328317,35.00999],[-85.328351,35.01005],[-85.328368,35.010117],[-85.328384,35.010184],[-85.3284,35.010251],[-85.328417,35.010319],[-85.328424,35.010386],[-85.328405,35.010453],[-85.328387,35.010519],[-85.328369,35.010586],[-85.32835,35.010653],[-85.328332,35.01072],[-85.328314,35.010787],[-85.328296,35.010854],[-85.328277,35.010921],[-85.328259,35.010987],[-85.328241,35.011054],[-85.328222,35.011121],[-85.328204,35.011188],[-85.328183,35.011254],[-85.328157,35.011319],[-85.328131,35.011385],[-85.328106,35.01145],[-85.32808,35.011515],[-85.328054,35.01158],[-85.328029,35.011646],[-85.328003,35.011711],[-85.327977,35.011776],[-85.327952,35.011841],[-85.327926,35.011907],[-85.3279,35.011972],[-85.327875,35.012037],[-85.327849,35.012102],[-85.327823,35.012167],[-85.327798,35.012233],[-85.327772,35.012298],[-85.327747,35.012363],[-85.327721,35.012428],[-85.327695,35.012494],[-85.32767,35.012559],[-85.327644,35.012624],[-85.327618,35.012689],[-85.327593,35.012754],[-85.327567,35.01282],[-85.327541,35.012885],[-85.327516,35.01295],[-85.32749,35.013015],[-85.327464,35.013081],[-85.327439,35.013146],[-85.327413,35.013211],[-85.327387,35.013276],[-85.327362,35.013342],[-85.327336,35.013407],[-85.32731,35.013472],[-85.327285,35.013537],[-85.327259,35.013602],[-85.327233,35.013668],[-85.327208,35.013733],[-85.327182,35.013798],[-85.327144,35.013853],[-85.327065,35.013877],[-85.326987,35.013901],[-85.326908,35.013925],[-85.32683,35.013949],[-85.326752,35.013974],[-85.326673,35.013998],[-85.326664,35.01405],[-85.326688,35.014115],[-85.326712,35.014181],[-85.326788,35.014209],[-85.326865,35.014237],[-85.326887,35.01428],[-85.326849,35.014341],[-85.326811,35.014402],[-85.326773,35.014463],[-85.326736,35.014524],[-85.326698,35.014585],[-85.32666,35.014647],[-85.326622,35.014708],[-85.326584,35.014769],[-85.326546,35.01483],[-85.326508,35.014891],[-85.32647,35.014952],[-85.326432,35.015013],[-85.326394,35.015074],[-85.326356,35.015135],[-85.326315,35.015194],[-85.326262,35.015248],[-85.32621,35.015301],[-85.326157,35.015355],[-85.326105,35.015408],[-85.326053,35.015462],[-85.326,35.015515],[-85.325948,35.015568],[-85.325895,35.015622],[-85.325843,35.015675],[-85.325791,35.015729],[-85.325738,35.015782],[-85.325686,35.015836],[-85.325634,35.015889],[-85.325581,35.015943],[-85.325529,35.015996],[-85.325476,35.016049],[-85.325424,35.016103],[-85.325372,35.016156],[-85.325319,35.01621],[-85.325267,35.016263],[-85.325214,35.016317],[-85.325162,35.01637],[-85.32511,35.016423],[-85.325057,35.016477],[-85.325005,35.01653],[-85.324952,35.016584],[-85.3249,35.016637],[-85.324848,35.016691],[-85.324795,35.016744],[-85.324743,35.016797],[-85.32469,35.016851],[-85.324638,35.016904],[-85.324586,35.016958],[-85.324533,35.017011],[-85.324481,35.017065],[-85.324429,35.017118],[-85.324376,35.017171],[-85.324324,35.017225],[-85.324271,35.017278],[-85.324219,35.017332],[-85.324167,35.017385],[-85.324114,35.017439],[-85.324062,35.017492],[-85.323998,35.017536],[-85.323931,35.017577],[-85.323864,35.017618],[-85.323797,35.017659],[-85.32373,35.0177],[-85.323663,35.017741],[-85.323596,35.017782],[-85.323529,35.017823],[-85.323462,35.017865],[-85.323395,35.017906],[-85.323397,35.017951],[-85.323446,35.018],[-85.3234,35.018057],[-85.323353,35.018114],[-85.323307,35.018171],[-85.323261,35.018228],[-85.323214,35.018285],[-85.323168,35.018342],[-85.323121,35.018399],[-85.323075,35.018456],[-85.323029,35.018513],[-85.322982,35.01857],[-85.322936,35.018627],[-85.322889,35.018684],[-85.322843,35.018741],[-85.322796,35.018798],[-85.322787,35.018847],[-85.322862,35.018877],[-85.322938,35.018906],[-85.323013,35.018936],[-85.323088,35.018965],[-85.323164,35.018995],[-85.323239,35.019025],[-85.323315,35.019054],[-85.32339,35.019084],[-85.323466,35.019113],[-85.323541,35.019143],[-85.323617,35.019172],[-85.323692,35.019202],[-85.323757,35.019239],[-85.323786,35.019304],[-85.323815,35.019368],[-85.323843,35.019432],[-85.323872,35.019497],[-85.3239,35.019561],[-85.323929,35.019626],[-85.323958,35.01969],[-85.323986,35.019754],[-85.324021,35.019816],[-85.324076,35.019867],[-85.324132,35.019918],[-85.324187,35.01997],[-85.324243,35.020021],[-85.324299,35.020072],[-85.324352,35.020124],[-85.324368,35.020191],[-85.324384,35.020259],[-85.324399,35.020326],[-85.324415,35.020393],[-85.324431,35.020461],[-85.324443,35.020528],[-85.324454,35.020596],[-85.324464,35.020664],[-85.324475,35.020732],[-85.324477,35.0208],[-85.324469,35.020869],[-85.324462,35.020937],[-85.324454,35.021005],[-85.324446,35.021073],[-85.324438,35.021142],[-85.32443,35.02121],[-85.324423,35.021278],[-85.324404,35.021342],[-85.324341,35.021386],[-85.324277,35.021431],[-85.324214,35.021476],[-85.32415,35.02152],[-85.324087,35.021565],[-85.324023,35.021609],[-85.32396,35.021654],[-85.323896,35.021699],[-85.323833,35.021743],[-85.323769,35.021788],[-85.323705,35.021832],[-85.323642,35.021877],[-85.323578,35.021922],[-85.323515,35.021966],[-85.323438,35.021993],[-85.323361,35.02202],[-85.323284,35.022046],[-85.323207,35.022073],[-85.32313,35.0221],[-85.323053,35.022127],[-85.322976,35.022154],[-85.322899,35.02218],[-85.322822,35.022207],[-85.322762,35.022254],[-85.322708,35.022306],[-85.322653,35.022357],[-85.322598,35.022409],[-85.322543,35.022461],[-85.322488,35.022513],[-85.322433,35.022564],[-85.322378,35.022616],[-85.322347,35.02268],[-85.322316,35.022743],[-85.322286,35.022807],[-85.322255,35.022871],[-85.322224,35.022935],[-85.322193,35.022998],[-85.322162,35.023062],[-85.322132,35.023126],[-85.322101,35.023189],[-85.32207,35.023253],[-85.322039,35.023317],[-85.322008,35.023381],[-85.321978,35.023444],[-85.321914,35.023483],[-85.321839,35.023515],[-85.321765,35.023546],[-85.32169,35.023577],[-85.321616,35.023608],[-85.321541,35.02364],[-85.321467,35.023671],[-85.321392,35.023702],[-85.321318,35.023733],[-85.321243,35.023765],[-85.321169,35.023796],[-85.321094,35.023827],[-85.321131,35.023884],[-85.321175,35.023943],[-85.321218,35.024001],[-85.321261,35.02406],[-85.321305,35.024118],[-85.321348,35.024177],[-85.321392,35.024236],[-85.321435,35.024294],[-85.32149,35.024345],[-85.321553,35.024389],[-85.321617,35.024434],[-85.321681,35.024478],[-85.321745,35.024523],[-85.321809,35.024567],[-85.321872,35.024611],[-85.321845,35.024665],[-85.321798,35.024722],[-85.32175,35.024778],[-85.321703,35.024835],[-85.321655,35.024891],[-85.321608,35.024947],[-85.32156,35.025004],[-85.321513,35.02506],[-85.321465,35.025117],[-85.321418,35.025173],[-85.32137,35.025229],[-85.321322,35.025286],[-85.321275,35.025342],[-85.321306,35.025391],[-85.321368,35.025438],[-85.321429,35.025485],[-85.32149,35.025531],[-85.321552,35.025578],[-85.321526,35.025634],[-85.321481,35.025692],[-85.321437,35.02575],[-85.321392,35.025808],[-85.321348,35.025866],[-85.321303,35.025924],[-85.321259,35.025983],[-85.321215,35.026041],[-85.32117,35.026099],[-85.321126,35.026157],[-85.321081,35.026215],[-85.321037,35.026273],[-85.320993,35.026331],[-85.320948,35.026389],[-85.320904,35.026447],[-85.320859,35.026505],[-85.320815,35.026563],[-85.32077,35.026621],[-85.320726,35.026679],[-85.320682,35.026738],[-85.320637,35.026796],[-85.320593,35.026854],[-85.320548,35.026912],[-85.320504,35.02697],[-85.32046,35.027028],[-85.320415,35.027086],[-85.320371,35.027144],[-85.320326,35.027202],[-85.320282,35.02726],[-85.320237,35.027318],[-85.320211,35.027383],[-85.320186,35.027449],[-85.320162,35.027514],[-85.320137,35.02758],[-85.320113,35.027645],[-85.320089,35.027711],[-85.320089,35.027778],[-85.320099,35.027846],[-85.320109,35.027914],[-85.320118,35.027982],[-85.320128,35.02805],[-85.320138,35.028118],[-85.320148,35.028186],[-85.320158,35.028254],[-85.320168,35.028323],[-85.320178,35.028391],[-85.320188,35.028459],[-85.3202,35.028526],[-85.320213,35.028594],[-85.320225,35.028662],[-85.320239,35.028729],[-85.320252,35.028797],[-85.320266,35.028865],[-85.32028,35.028932],[-85.320294,35.029],[-85.320307,35.029067],[-85.320321,35.029135],[-85.320335,35.029203],[-85.320349,35.02927],[-85.320363,35.029338],[-85.320376,35.029405],[-85.32039,35.029473],[-85.320404,35.029541],[-85.320418,35.029608],[-85.320431,35.029676],[-85.320445,35.029743],[-85.320459,35.029811],[-85.320473,35.029879],[-85.320486,35.029946],[-85.3205,35.030014],[-85.320514,35.030081],[-85.320528,35.030149],[-85.320541,35.030217],[-85.320555,35.030284],[-85.320569,35.030352],[-85.320616,35.030399],[-85.320695,35.030421],[-85.32076,35.030457],[-85.320821,35.030501],[-85.320889,35.030541],[-85.320958,35.03058],[-85.321026,35.03062],[-85.321095,35.030659],[-85.321163,35.030699],[-85.321231,35.030738],[-85.3213,35.030778],[-85.321368,35.030818],[-85.321436,35.030857],[-85.321505,35.030897],[-85.321573,35.030936],[-85.321641,35.030976],[-85.32171,35.031015],[-85.321778,35.031055],[-85.321846,35.031094],[-85.321915,35.031134],[-85.321983,35.031173],[-85.322052,35.031213],[-85.32212,35.031252],[-85.322188,35.031292],[-85.322257,35.031331],[-85.322325,35.031371],[-85.322393,35.031411],[-85.322462,35.03145],[-85.32253,35.03149],[-85.322598,35.031529],[-85.322667,35.031569],[-85.322735,35.031608],[-85.322803,35.031648],[-85.322872,35.031687],[-85.32294,35.031727],[-85.323009,35.031766],[-85.323077,35.031806],[-85.323145,35.031845],[-85.323214,35.031885],[-85.323282,35.031925],[-85.32335,35.031964],[-85.323419,35.032004],[-85.323487,35.032043],[-85.323555,35.032083],[-85.323624,35.032122],[-85.323692,35.032162],[-85.323761,35.032201],[-85.323829,35.032241],[-85.323823,35.032187],[-85.323787,35.032126],[-85.32375,35.032064],[-85.323714,35.032002],[-85.323678,35.031941],[-85.323641,35.031879],[-85.323605,35.031817],[-85.323568,35.031755],[-85.323532,35.031694],[-85.323496,35.031632],[-85.323459,35.03157],[-85.323423,35.031509],[-85.323386,35.031447],[-85.32335,35.031385],[-85.323313,35.031324],[-85.323277,35.031262],[-85.323241,35.0312],[-85.323192,35.03115],[-85.323113,35.031128],[-85.323033,35.031107],[-85.322954,35.031085],[-85.322874,35.03107],[-85.32279,35.031079],[-85.322712,35.031094],[-85.322656,35.031145],[-85.322599,35.031195],[-85.322543,35.031246],[-85.322487,35.031297],[-85.32243,35.031348],[-85.322374,35.031398],[-85.322318,35.031449],[-85.322261,35.0315],[-85.322205,35.03155],[-85.322149,35.031601],[-85.322093,35.031652],[-85.322036,35.031703],[-85.32198,35.031753],[-85.321924,35.031804],[-85.321867,35.031855],[-85.321811,35.031905],[-85.321755,35.031956],[-85.321698,35.032007],[-85.32164,35.03205],[-85.321559,35.032031],[-85.321479,35.032012],[-85.321398,35.031994],[-85.321318,35.031975],[-85.321237,35.031956],[-85.321173,35.031918],[-85.321125,35.031862],[-85.321077,35.031806],[-85.321028,35.03175],[-85.32098,35.031694],[-85.320937,35.031637],[-85.320922,35.031569],[-85.320906,35.031502],[-85.320891,35.031435],[-85.320875,35.031367],[-85.320859,35.0313],[-85.320844,35.031233],[-85.320828,35.031165],[-85.320813,35.031098],[-85.320797,35.031031],[-85.320781,35.030963],[-85.320766,35.030896],[-85.32075,35.030829],[-85.320735,35.030761],[-85.320719,35.030694],[-85.320705,35.030627],[-85.320731,35.030562],[-85.320758,35.030497],[-85.320752,35.03051],[-85.320726,35.030575],[-85.320707,35.03064],[-85.320722,35.030708],[-85.320738,35.030775],[-85.320753,35.030842],[-85.320769,35.03091],[-85.320785,35.030977],[-85.3208,35.031044],[-85.320816,35.031112],[-85.320831,35.031179],[-85.320847,35.031246],[-85.320863,35.031314],[-85.320878,35.031381],[-85.320894,35.031448],[-85.320909,35.031516],[-85.320925,35.031583],[-85.320942,35.03165],[-85.32099,35.031706],[-85.321038,35.031762],[-85.321086,35.031818],[-85.321135,35.031874],[-85.321183,35.03193],[-85.321254,35.03196],[-85.321334,35.031979],[-85.321415,35.031997],[-85.321495,35.032016],[-85.321576,35.032035],[-85.321654,35.032047],[-85.32171,35.031996],[-85.321766,35.031946],[-85.321823,35.031895],[-85.321879,35.031844],[-85.321935,35.031794],[-85.321991,35.031743],[-85.322048,35.031692],[-85.322104,35.031641],[-85.32216,35.031591],[-85.322217,35.03154],[-85.322273,35.031489],[-85.322329,35.031439],[-85.322386,35.031388],[-85.322442,35.031337],[-85.322498,35.031286],[-85.322554,35.031236],[-85.322611,35.031185],[-85.322667,35.031134],[-85.322724,35.031085],[-85.322807,35.031077],[-85.32289,35.031068],[-85.32297,35.031089],[-85.323049,35.031111],[-85.323129,35.031133],[-85.323208,35.031154],[-85.323248,35.031213],[-85.323284,35.031274],[-85.323321,35.031336],[-85.323357,35.031398],[-85.323394,35.03146],[-85.32343,35.031521],[-85.323467,35.031583],[-85.323503,35.031645],[-85.323539,35.031706],[-85.323576,35.031768],[-85.323612,35.03183],[-85.323649,35.031891],[-85.323685,35.031953],[-85.323721,35.032015],[-85.323758,35.032077],[-85.323794,35.032138],[-85.323831,35.0322],[-85.323856,35.032265],[-85.323879,35.032331],[-85.323902,35.032397],[-85.323925,35.032463],[-85.323948,35.032529],[-85.323971,35.032595],[-85.323994,35.032661],[-85.324017,35.032726],[-85.32404,35.032792],[-85.324063,35.032858],[-85.324086,35.032924],[-85.324109,35.03299],[-85.324132,35.033056],[-85.324155,35.033122],[-85.324178,35.033188],[-85.324201,35.033254],[-85.324224,35.033319],[-85.324247,35.033385],[-85.32427,35.033451],[-85.324293,35.033517],[-85.324319,35.033582],[-85.324352,35.033645],[-85.324385,35.033708],[-85.324418,35.033771],[-85.324451,35.033834],[-85.324484,35.033897],[-85.324517,35.03396],[-85.32455,35.034023],[-85.324583,35.034086],[-85.324616,35.034149],[-85.324648,35.034212],[-85.324681,35.034275],[-85.324714,35.034338],[-85.324747,35.034401],[-85.32478,35.034464],[-85.324813,35.034527],[-85.324838,35.034592],[-85.324858,35.034659],[-85.324879,35.034725],[-85.324899,35.034792],[-85.324919,35.034858],[-85.32494,35.034925],[-85.32496,35.034991],[-85.324981,35.035057],[-85.325001,35.035124],[-85.325022,35.03519],[-85.325042,35.035257],[-85.325062,35.035323],[-85.325083,35.03539],[-85.325103,35.035456],[-85.325124,35.035523],[-85.325144,35.035589],[-85.325165,35.035656],[-85.325185,35.035722],[-85.325205,35.035788],[-85.325226,35.035855],[-85.325246,35.035921],[-85.325267,35.035988],[-85.325287,35.036054],[-85.325307,35.036121],[-85.325328,35.036187],[-85.325348,35.036254],[-85.325369,35.03632],[-85.325389,35.036387],[-85.32541,35.036453],[-85.32543,35.03652],[-85.32545,35.036586],[-85.325471,35.036652],[-85.325491,35.036719],[-85.325512,35.036785],[-85.325532,35.036852],[-85.325553,35.036918],[-85.325573,35.036985],[-85.325593,35.037051],[-85.325614,35.037118],[-85.325634,35.037184],[-85.325655,35.037251],[-85.325637,35.037314],[-85.325604,35.037377],[-85.325571,35.03744],[-85.325537,35.037503],[-85.325504,35.037566],[-85.325471,35.037629],[-85.325438,35.037692],[-85.325404,35.037755],[-85.325386,35.037819],[-85.325399,35.037887],[-85.325412,35.037954],[-85.325424,35.038022],[-85.325437,35.03809],[-85.32545,35.038158],[-85.325463,35.038225],[-85.325476,35.038293],[-85.325489,35.038361],[-85.325502,35.038428],[-85.325515,35.038496],[-85.325527,35.038564],[-85.325513,35.038629],[-85.325484,35.038694],[-85.325454,35.038758],[-85.325425,35.038822],[-85.325395,35.038886],[-85.325366,35.03895],[-85.325343,35.039013],[-85.325406,35.039058],[-85.325469,35.039103],[-85.325505,35.039156],[-85.325488,35.039223],[-85.325472,35.03929],[-85.325456,35.039358],[-85.325476,35.039412],[-85.325547,35.039449],[-85.325617,35.039485],[-85.325684,35.039525],[-85.325707,35.039591],[-85.32573,35.039656],[-85.325753,35.039722],[-85.325761,35.039788],[-85.32574,35.039855],[-85.325719,35.039921],[-85.325698,35.039987],[-85.325677,35.040054],[-85.325656,35.04012],[-85.325635,35.040186],[-85.32562,35.040253],[-85.32563,35.040321],[-85.32564,35.040389],[-85.32565,35.040457],[-85.32566,35.040525],[-85.32567,35.040593],[-85.32568,35.040661],[-85.32569,35.040729],[-85.3257,35.040797],[-85.32571,35.040865],[-85.32572,35.040933],[-85.32573,35.041001],[-85.32574,35.041069],[-85.32575,35.041137],[-85.32576,35.041206],[-85.325777,35.041272],[-85.325817,35.041332],[-85.325858,35.041392],[-85.325898,35.041452],[-85.325939,35.041512],[-85.325979,35.041572],[-85.326019,35.041632],[-85.32606,35.041692],[-85.3261,35.041752],[-85.326141,35.041812],[-85.326181,35.041872],[-85.326221,35.041932],[-85.326262,35.041992],[-85.326302,35.042052],[-85.326343,35.042112],[-85.326383,35.042172],[-85.326423,35.042232],[-85.326464,35.042292],[-85.326504,35.042352],[-85.326545,35.042412],[-85.326585,35.042472],[-85.326625,35.042532],[-85.326666,35.042592],[-85.326706,35.042652],[-85.326746,35.042712],[-85.326787,35.042772],[-85.326827,35.042832],[-85.326868,35.042892],[-85.326908,35.042952],[-85.326922,35.043017],[-85.326914,35.043085],[-85.326905,35.043153],[-85.326897,35.043221],[-85.326888,35.043289],[-85.32688,35.043358],[-85.326871,35.043426],[-85.326863,35.043494],[-85.326855,35.043562],[-85.326846,35.04363],[-85.326838,35.043699],[-85.326829,35.043767],[-85.326821,35.043835],[-85.326812,35.043903],[-85.326804,35.043971],[-85.326795,35.044039],[-85.326787,35.044108],[-85.326779,35.044176],[-85.32677,35.044244],[-85.326762,35.044312],[-85.326753,35.04438],[-85.326745,35.044448],[-85.326736,35.044517],[-85.326728,35.044585],[-85.326719,35.044653],[-85.326711,35.044721],[-85.326703,35.044789],[-85.326694,35.044858],[-85.326686,35.044926],[-85.326677,35.044994],[-85.326669,35.045062],[-85.32666,35.04513],[-85.326652,35.045198],[-85.326643,35.045267],[-85.326635,35.045335],[-85.326626,35.045403],[-85.326583,35.045461],[-85.326538,35.045519],[-85.326494,35.045578],[-85.32645,35.045636],[-85.326405,35.045694],[-85.326361,35.045752],[-85.326317,35.04581],[-85.326272,35.045868],[-85.326228,35.045926],[-85.32619,35.045987],[-85.326165,35.046052],[-85.32614,35.046117],[-85.326115,35.046183],[-85.326091,35.046248],[-85.326066,35.046314],[-85.326041,35.046379],[-85.326016,35.046445],[-85.325992,35.04651],[-85.325967,35.046576],[-85.325942,35.046641],[-85.325918,35.046707],[-85.325893,35.046772],[-85.325868,35.046838],[-85.325843,35.046903],[-85.325819,35.046969],[-85.325794,35.047034],[-85.325769,35.0471],[-85.325744,35.047165],[-85.32572,35.04723],[-85.325695,35.047296],[-85.32567,35.047361],[-85.325646,35.047427],[-85.325621,35.047492],[-85.325596,35.047558],[-85.325571,35.047623],[-85.325547,35.047689],[-85.325522,35.047754],[-85.325497,35.04782],[-85.325472,35.047885],[-85.325448,35.047951],[-85.325423,35.048016],[-85.325398,35.048082],[-85.325374,35.048147],[-85.325349,35.048213],[-85.325324,35.048278],[-85.325299,35.048343],[-85.325275,35.048409],[-85.32525,35.048474],[-85.325225,35.04854],[-85.3252,35.048605],[-85.325182,35.048672],[-85.325168,35.04874],[-85.325155,35.048807],[-85.325142,35.048875],[-85.325128,35.048943],[-85.325115,35.04901],[-85.325102,35.049078],[-85.325088,35.049146],[-85.325109,35.049204],[-85.325168,35.049253],[-85.325228,35.049301],[-85.325287,35.04935],[-85.325274,35.049412],[-85.325247,35.049477],[-85.325218,35.049541],[-85.325184,35.049604],[-85.32515,35.049667],[-85.325116,35.049729],[-85.325083,35.049792],[-85.325049,35.049855],[-85.325015,35.049917],[-85.324973,35.049975],[-85.324917,35.050027],[-85.324861,35.050078],[-85.324806,35.050129],[-85.32475,35.05018],[-85.324694,35.050231],[-85.324639,35.050283],[-85.324583,35.050334],[-85.324528,35.050385],[-85.324477,35.050439],[-85.324456,35.050505],[-85.324435,35.050571],[-85.324413,35.050637],[-85.324392,35.050704],[-85.324371,35.05077],[-85.324349,35.050836],[-85.324328,35.050903],[-85.324307,35.050969],[-85.324286,35.051035],[-85.324264,35.051101],[-85.324243,35.051168],[-85.324222,35.051234],[-85.3242,35.0513],[-85.324179,35.051366],[-85.324156,35.051432],[-85.324099,35.051482],[-85.324041,35.051532],[-85.323984,35.051582],[-85.323927,35.051632],[-85.323869,35.051682],[-85.323812,35.051731],[-85.323754,35.051781],[-85.323697,35.051831],[-85.32364,35.051881],[-85.323582,35.051931],[-85.323525,35.051981],[-85.323468,35.052031],[-85.32341,35.052081],[-85.323353,35.052131],[-85.323296,35.052181],[-85.323238,35.05223],[-85.323181,35.05228],[-85.323123,35.05233],[-85.323066,35.05238],[-85.323009,35.05243],[-85.322951,35.05248],[-85.322894,35.05253],[-85.322837,35.05258],[-85.322782,35.052631],[-85.322746,35.052693],[-85.322711,35.052755],[-85.322675,35.052817],[-85.32264,35.052879],[-85.32259,35.052934],[-85.322537,35.052987],[-85.322485,35.053041],[-85.322432,35.053094],[-85.32238,35.053147],[-85.322327,35.053201],[-85.322275,35.053254],[-85.322222,35.053307],[-85.32217,35.053361],[-85.322117,35.053414],[-85.322065,35.053468],[-85.322012,35.053521],[-85.321945,35.053562],[-85.321879,35.053604],[-85.321812,35.053645],[-85.321745,35.053687],[-85.321679,35.053728],[-85.321612,35.05377],[-85.321545,35.053811],[-85.321479,35.053853],[-85.321412,35.053894],[-85.321346,35.053936],[-85.321279,35.053977],[-85.321212,35.054019],[-85.321146,35.05406],[-85.321079,35.054102],[-85.321012,35.054143],[-85.320946,35.054185],[-85.320879,35.054226],[-85.320812,35.054267],[-85.320746,35.054309],[-85.320679,35.05435],[-85.320613,35.054392],[-85.320546,35.054433],[-85.320478,35.054473],[-85.320401,35.0545],[-85.320324,35.054527],[-85.320247,35.054554],[-85.32017,35.054581],[-85.320093,35.054608],[-85.320016,35.054635],[-85.31994,35.054663],[-85.319863,35.05469],[-85.319786,35.054717],[-85.319709,35.054744],[-85.319632,35.054771],[-85.319555,35.054798],[-85.319478,35.054825],[-85.319401,35.054852],[-85.319325,35.054879],[-85.319248,35.054907],[-85.319171,35.054934],[-85.319094,35.05496],[-85.319015,35.054937],[-85.318936,35.054913],[-85.318858,35.05489],[-85.318836,35.054823],[-85.318814,35.054757],[-85.318791,35.054691],[-85.318769,35.054625],[-85.318734,35.054579],[-85.318654,35.054598],[-85.318572,35.054614],[-85.318491,35.05463],[-85.318409,35.054647],[-85.318328,35.054663],[-85.318247,35.054679],[-85.318165,35.054695],[-85.318084,35.054711],[-85.318003,35.054727],[-85.317921,35.054743],[-85.31784,35.054759],[-85.317758,35.054775],[-85.317677,35.054792],[-85.317596,35.054808],[-85.317514,35.054824],[-85.317433,35.05484],[-85.317352,35.054856],[-85.317271,35.054875],[-85.31719,35.054893],[-85.31711,35.054911],[-85.317029,35.05493],[-85.316954,35.054956],[-85.316893,35.055003],[-85.316832,35.05505],[-85.316771,35.055097],[-85.31671,35.055144],[-85.316649,35.055191],[-85.316588,35.055238],[-85.316527,35.055285],[-85.316467,35.055332],[-85.316406,35.055379],[-85.316345,35.055426],[-85.316285,35.055474],[-85.316224,35.055521],[-85.31616,35.055564],[-85.316084,35.055592],[-85.316008,35.055621],[-85.315932,35.05565],[-85.315855,35.055678],[-85.315779,35.055707],[-85.315703,35.055735],[-85.315624,35.055754],[-85.315541,35.05576],[-85.315457,35.055767],[-85.315374,35.055774],[-85.315291,35.05578],[-85.315207,35.055787],[-85.315124,35.055793],[-85.315041,35.0558],[-85.314957,35.055807],[-85.314874,35.055813],[-85.314791,35.05582],[-85.314707,35.055826],[-85.314624,35.055833],[-85.314541,35.055839],[-85.314457,35.055846],[-85.314374,35.055853],[-85.314291,35.055859],[-85.314207,35.055866],[-85.314124,35.055872],[-85.314041,35.055879],[-85.313957,35.055885],[-85.313874,35.055892],[-85.313791,35.055899],[-85.313707,35.055905],[-85.313624,35.055912],[-85.313541,35.055918],[-85.313457,35.055925],[-85.313374,35.055932],[-85.313291,35.055938],[-85.313208,35.055946],[-85.313128,35.055966],[-85.313048,35.055987],[-85.312968,35.056007],[-85.312888,35.056028],[-85.312808,35.056048],[-85.312728,35.056068],[-85.312648,35.056089],[-85.312568,35.056109],[-85.312488,35.05613],[-85.312409,35.05615],[-85.312329,35.056171],[-85.312249,35.056191],[-85.312169,35.056211],[-85.312089,35.056232],[-85.312009,35.056252],[-85.311929,35.056273],[-85.311849,35.056293],[-85.311769,35.056313],[-85.311689,35.056334],[-85.311609,35.056354],[-85.311529,35.056375],[-85.31145,35.056395],[-85.31137,35.056415],[-85.31129,35.056436],[-85.31121,35.056456],[-85.31113,35.056477],[-85.31105,35.056497],[-85.31097,35.056518],[-85.31089,35.056538],[-85.31081,35.056558],[-85.31073,35.056579],[-85.31065,35.056599],[-85.31057,35.05662],[-85.310489,35.056633],[-85.310405,35.056639],[-85.310322,35.056646],[-85.310239,35.056652],[-85.310155,35.056659],[-85.310072,35.056665],[-85.309989,35.056672],[-85.309905,35.056678],[-85.309822,35.056685],[-85.309739,35.056691],[-85.309655,35.056698],[-85.309593,35.056737],[-85.30954,35.05679],[-85.309465,35.056798],[-85.309382,35.056789],[-85.309299,35.056779],[-85.309216,35.05677],[-85.309133,35.05676],[-85.309051,35.056751],[-85.308968,35.056742],[-85.308885,35.056732],[-85.308802,35.056723],[-85.308719,35.056713],[-85.308636,35.056704],[-85.308553,35.056695],[-85.30847,35.056685],[-85.308387,35.056676],[-85.308304,35.056666],[-85.308221,35.056657],[-85.308138,35.056648],[-85.308067,35.056614],[-85.307996,35.056577],[-85.307925,35.05654],[-85.307855,35.056503],[-85.307784,35.056466],[-85.307714,35.056429],[-85.307643,35.056392],[-85.307573,35.056355],[-85.307502,35.056318],[-85.307432,35.056282],[-85.307361,35.056245],[-85.307357,35.056178],[-85.30733,35.056154],[-85.307269,35.056182],[-85.307249,35.056115],[-85.307228,35.05605],[-85.30715,35.056075],[-85.307094,35.056048],[-85.30705,35.055989],[-85.307006,35.055931],[-85.306962,35.055872],[-85.306919,35.055814],[-85.306875,35.055756],[-85.306831,35.055697],[-85.306787,35.055639],[-85.306744,35.05558],[-85.306722,35.055561],[-85.306747,35.055626],[-85.306772,35.055691],[-85.306798,35.055756],[-85.306823,35.055822],[-85.306848,35.055887],[-85.306852,35.055901],[-85.306823,35.055837],[-85.30679,35.055774],[-85.306744,35.055717],[-85.306699,35.055659],[-85.306653,35.055602],[-85.306607,35.055545],[-85.306561,35.055487],[-85.306516,35.05543],[-85.306469,35.055373],[-85.306416,35.05532],[-85.306363,35.055267],[-85.30631,35.055214],[-85.306257,35.055161],[-85.306204,35.055108],[-85.306151,35.055055],[-85.306098,35.055002],[-85.306023,35.055019],[-85.305947,35.055046],[-85.30587,35.055073],[-85.305793,35.0551],[-85.305737,35.055051],[-85.305681,35.055],[-85.305625,35.054948],[-85.305545,35.054941],[-85.305461,35.054938],[-85.305377,35.054935],[-85.305294,35.054933],[-85.30521,35.05493],[-85.305126,35.054928],[-85.305043,35.054925],[-85.304959,35.054922],[-85.304876,35.05492],[-85.304792,35.054917],[-85.304708,35.054915],[-85.304625,35.054912],[-85.304541,35.05491],[-85.304479,35.054888],[-85.304469,35.05482],[-85.304459,35.054752],[-85.304448,35.054684],[-85.304438,35.054616],[-85.304428,35.054548],[-85.304418,35.05448],[-85.304408,35.054411],[-85.304398,35.054343],[-85.304387,35.054275],[-85.304377,35.054207],[-85.304367,35.054139],[-85.304357,35.054071],[-85.3044,35.054025],[-85.304473,35.053991],[-85.304455,35.053977],[-85.304396,35.053957],[-85.304393,35.053888],[-85.304383,35.05382],[-85.304372,35.053752],[-85.304358,35.053685],[-85.304304,35.053642],[-85.304228,35.053613],[-85.304152,35.053585],[-85.304076,35.053556],[-85.304,35.053527],[-85.303924,35.053499],[-85.303848,35.05347],[-85.303772,35.053441],[-85.303696,35.053413],[-85.303619,35.053385],[-85.303543,35.053358],[-85.303466,35.05333],[-85.30339,35.053302],[-85.303314,35.053274],[-85.303237,35.053246],[-85.303161,35.053218],[-85.303084,35.05319],[-85.303008,35.053162],[-85.302931,35.053134],[-85.302855,35.053106],[-85.302779,35.053078],[-85.302702,35.05305],[-85.302626,35.053022],[-85.302549,35.052994],[-85.302473,35.052966],[-85.302396,35.052938],[-85.30232,35.05291],[-85.302244,35.052882],[-85.302167,35.052854],[-85.302091,35.052826],[-85.302014,35.052799],[-85.301938,35.052771],[-85.301861,35.052743],[-85.301785,35.052715],[-85.301709,35.052687],[-85.301632,35.052659],[-85.301556,35.052631],[-85.301479,35.052603],[-85.301403,35.052575],[-85.301326,35.052547],[-85.30125,35.052519],[-85.301173,35.052491],[-85.301097,35.052463],[-85.301021,35.052435],[-85.300944,35.052407],[-85.300868,35.052379],[-85.300791,35.052351],[-85.300715,35.052323],[-85.300638,35.052295],[-85.300562,35.052267],[-85.300486,35.05224],[-85.300409,35.052212],[-85.300333,35.052184],[-85.300256,35.052156],[-85.30018,35.052128],[-85.300103,35.0521],[-85.300027,35.052072],[-85.299951,35.052044],[-85.299874,35.052016],[-85.299798,35.051988],[-85.299721,35.05196],[-85.299645,35.051932],[-85.299568,35.051904],[-85.299621,35.051957],[-85.299674,35.05201],[-85.299727,35.052063],[-85.299734,35.052088],[-85.299657,35.05206],[-85.299581,35.052033],[-85.299504,35.052006],[-85.299427,35.051978],[-85.29935,35.051951],[-85.299274,35.051924],[-85.29919,35.051922],[-85.299107,35.051922],[-85.299023,35.051922],[-85.298939,35.051922],[-85.298855,35.051922],[-85.298772,35.051922],[-85.298688,35.051922],[-85.298612,35.051935],[-85.298563,35.05199],[-85.298514,35.052045],[-85.298465,35.052101],[-85.298396,35.052093],[-85.29832,35.052064],[-85.298244,35.052035],[-85.298168,35.052005],[-85.298093,35.051976],[-85.29801,35.051977],[-85.297926,35.05198],[-85.297842,35.051983],[-85.297759,35.051986],[-85.297675,35.051988],[-85.297591,35.051991],[-85.297515,35.052016],[-85.29744,35.052046],[-85.297365,35.052077],[-85.297326,35.052136],[-85.29729,35.052198],[-85.297254,35.05226],[-85.297219,35.052322],[-85.297179,35.052378],[-85.297095,35.052372],[-85.297012,35.052367],[-85.296928,35.052361],[-85.296845,35.052356],[-85.296761,35.05235],[-85.296678,35.052345],[-85.296644,35.052388],[-85.296634,35.052457],[-85.296624,35.052525],[-85.296614,35.052593],[-85.296605,35.052661],[-85.296595,35.052729],[-85.296585,35.052797],[-85.296576,35.052865],[-85.296566,35.052933],[-85.296556,35.053001],[-85.296547,35.053069],[-85.296504,35.053121],[-85.296436,35.053161],[-85.296362,35.053187],[-85.296278,35.053189],[-85.296195,35.05319],[-85.296111,35.053192],[-85.296027,35.053194],[-85.295944,35.053196],[-85.29586,35.053198],[-85.295776,35.053199],[-85.295693,35.053201],[-85.295609,35.053203],[-85.295525,35.053205],[-85.295441,35.053206],[-85.295358,35.053208],[-85.295274,35.05321],[-85.29519,35.053212],[-85.295107,35.053213],[-85.295023,35.053215],[-85.294939,35.053217],[-85.294856,35.053219],[-85.294772,35.05322],[-85.294689,35.053216],[-85.294607,35.053202],[-85.294525,35.053187],[-85.294444,35.053173],[-85.294362,35.053158],[-85.29428,35.053143],[-85.294199,35.05314],[-85.294118,35.053158],[-85.294037,35.053177],[-85.293957,35.053195],[-85.293876,35.053214],[-85.293796,35.053232],[-85.293715,35.053251],[-85.293634,35.053245],[-85.293553,35.053227],[-85.293472,35.053209],[-85.293391,35.053192],[-85.293311,35.053199],[-85.29323,35.053217],[-85.293149,35.053235],[-85.293069,35.053253],[-85.292988,35.053272],[-85.292907,35.05329],[-85.292826,35.053308],[-85.292746,35.053326],[-85.292665,35.053344],[-85.292584,35.053362],[-85.292503,35.05338],[-85.292423,35.053399],[-85.292342,35.053417],[-85.292261,35.053434],[-85.292178,35.053445],[-85.292096,35.053456],[-85.292013,35.053468],[-85.291931,35.053479],[-85.291848,35.05349],[-85.291766,35.053501],[-85.291683,35.053513],[-85.2916,35.053524],[-85.291518,35.053535],[-85.291435,35.053546],[-85.291353,35.053558],[-85.29127,35.053569],[-85.29119,35.053558],[-85.291111,35.053535],[-85.291032,35.053513],[-85.290953,35.053491],[-85.290873,35.053468],[-85.290794,35.053446],[-85.290715,35.053423],[-85.290659,35.053451],[-85.290616,35.05351],[-85.290574,35.053569],[-85.290531,35.053628],[-85.290489,35.053687],[-85.290424,35.053718],[-85.29034,35.053725],[-85.290257,35.053733],[-85.290174,35.053741],[-85.290091,35.053748],[-85.290008,35.053756],[-85.289925,35.053764],[-85.289841,35.053772],[-85.289758,35.053779],[-85.289675,35.053787],[-85.289592,35.053795],[-85.289509,35.053802],[-85.289425,35.05381],[-85.289342,35.053818],[-85.289261,35.053805],[-85.289179,35.053789],[-85.289098,35.053773],[-85.289016,35.053758],[-85.288935,35.053741],[-85.288854,35.053723],[-85.288774,35.053704],[-85.288693,35.053686],[-85.288612,35.053668],[-85.288549,35.053628],[-85.288496,35.053575],[-85.288443,35.053522],[-85.28839,35.053469],[-85.288337,35.053415],[-85.288284,35.053362],[-85.288231,35.053309],[-85.288178,35.053256],[-85.288125,35.053203],[-85.288072,35.05315],[-85.288019,35.053097],[-85.287945,35.053081],[-85.287861,35.053081],[-85.287777,35.053081],[-85.287693,35.053081],[-85.287662,35.053121],[-85.287667,35.05319],[-85.287671,35.053258],[-85.287676,35.053327],[-85.28768,35.053395],[-85.287616,35.053438],[-85.28755,35.053479],[-85.287483,35.053521],[-85.287417,35.053562],[-85.28735,35.053604],[-85.287284,35.053646],[-85.287217,35.053687],[-85.287151,35.053729],[-85.287084,35.053771],[-85.287018,35.053812],[-85.286951,35.053854],[-85.286885,35.053896],[-85.286818,35.053937],[-85.286752,35.053979],[-85.286685,35.054021],[-85.286619,35.054062],[-85.286553,35.054104],[-85.286486,35.054146],[-85.28642,35.054187],[-85.286353,35.054229],[-85.286287,35.054271],[-85.28622,35.054312],[-85.286154,35.054354],[-85.286087,35.054396],[-85.286021,35.054437],[-85.285954,35.054479],[-85.285878,35.054506],[-85.2858,35.05453],[-85.285721,35.054554],[-85.285643,35.054578],[-85.285564,35.054602],[-85.285486,35.054626],[-85.285408,35.05465],[-85.285329,35.054674],[-85.285251,35.054699],[-85.285173,35.054723],[-85.285094,35.054747],[-85.285016,35.054771],[-85.284937,35.054795],[-85.284859,35.054819],[-85.284781,35.054843],[-85.284702,35.054867],[-85.284624,35.054891],[-85.28455,35.054921],[-85.284486,35.054966],[-85.284423,35.05501],[-85.284359,35.055055],[-85.284295,35.055099],[-85.284232,35.055144],[-85.284168,35.055188],[-85.284104,35.055233],[-85.284041,35.055277],[-85.283977,35.055322],[-85.283913,35.055366],[-85.28385,35.055411],[-85.283786,35.055455],[-85.283722,35.0555],[-85.283655,35.05554],[-85.283583,35.055575],[-85.283511,35.05561],[-85.283439,35.055645],[-85.283367,35.055681],[-85.283296,35.055716],[-85.283224,35.055751],[-85.283152,35.055786],[-85.28308,35.055822],[-85.283009,35.055857],[-85.282937,35.055892],[-85.282865,35.055928],[-85.282793,35.055963],[-85.282721,35.055998],[-85.28265,35.056033],[-85.282578,35.056069],[-85.282507,35.056104],[-85.282448,35.056153],[-85.282389,35.056202],[-85.28233,35.056251],[-85.282271,35.056299],[-85.282212,35.056348],[-85.282153,35.056397],[-85.282095,35.056446],[-85.282036,35.056494],[-85.281977,35.056543],[-85.281918,35.056592],[-85.281859,35.05664],[-85.2818,35.056689],[-85.281741,35.056738],[-85.281683,35.056787],[-85.281624,35.056835],[-85.281565,35.056884],[-85.281506,35.056933],[-85.281447,35.056982],[-85.281388,35.05703],[-85.281329,35.057079],[-85.281271,35.057128],[-85.281212,35.057176],[-85.281153,35.057225],[-85.281094,35.057274],[-85.281035,35.057323],[-85.280976,35.057371],[-85.280917,35.05742],[-85.280859,35.057469],[-85.2808,35.057518],[-85.280741,35.057566],[-85.280682,35.057615],[-85.280623,35.057664],[-85.280577,35.057721],[-85.280532,35.057779],[-85.280486,35.057836],[-85.280441,35.057894],[-85.280395,35.057951],[-85.28035,35.058009],[-85.280304,35.058066],[-85.280259,35.058124],[-85.280214,35.058181],[-85.280168,35.058239],[-85.280123,35.058296],[-85.280077,35.058354],[-85.280032,35.058412],[-85.279986,35.058469],[-85.279941,35.058527],[-85.279895,35.058584],[-85.27985,35.058642],[-85.279804,35.058699],[-85.279759,35.058757],[-85.279714,35.058814],[-85.279668,35.058872],[-85.279623,35.05893],[-85.279577,35.058987],[-85.279532,35.059045],[-85.279486,35.059102],[-85.279441,35.05916],[-85.279395,35.059217],[-85.27935,35.059275],[-85.279304,35.059332],[-85.279259,35.05939],[-85.279214,35.059447],[-85.279168,35.059505],[-85.279123,35.059563],[-85.279077,35.05962],[-85.279032,35.059678],[-85.278992,35.059738],[-85.278957,35.0598],[-85.278922,35.059862],[-85.278888,35.059925],[-85.278853,35.059987],[-85.278818,35.060049],[-85.278783,35.060112],[-85.278748,35.060174],[-85.278713,35.060236],[-85.278678,35.060299],[-85.278644,35.060361],[-85.278609,35.060423],[-85.278574,35.060485],[-85.278539,35.060548],[-85.278504,35.06061],[-85.278469,35.060672],[-85.278434,35.060735],[-85.2784,35.060797],[-85.278365,35.060859],[-85.27833,35.060922],[-85.278295,35.060984],[-85.27826,35.061046],[-85.278225,35.061109],[-85.27819,35.061171],[-85.278156,35.061233],[-85.278121,35.061295],[-85.278086,35.061358],[-85.278051,35.06142],[-85.278016,35.061482],[-85.277981,35.061545],[-85.277946,35.061607],[-85.277911,35.061669],[-85.277877,35.061732],[-85.277842,35.061794],[-85.277807,35.061856],[-85.277772,35.061918],[-85.277737,35.061981],[-85.27769,35.062037],[-85.277636,35.062089],[-85.277581,35.062141],[-85.277527,35.062193],[-85.277472,35.062245],[-85.277418,35.062297],[-85.277364,35.062349],[-85.277309,35.062401],[-85.277255,35.062454],[-85.277201,35.062506],[-85.277146,35.062558],[-85.277092,35.06261],[-85.277037,35.062662],[-85.276983,35.062714],[-85.276929,35.062766],[-85.276874,35.062818],[-85.276816,35.062867],[-85.276751,35.062911],[-85.276687,35.062955],[-85.276623,35.062999],[-85.276559,35.063043],[-85.276495,35.063087],[-85.276431,35.063131],[-85.276366,35.063175],[-85.276302,35.063219],[-85.276238,35.063263],[-85.276174,35.063307],[-85.27611,35.063351],[-85.276048,35.063396],[-85.276017,35.06346],[-85.275987,35.063524],[-85.275956,35.063588],[-85.275925,35.063651],[-85.275895,35.063715],[-85.275864,35.063779],[-85.275833,35.063843],[-85.275803,35.063906],[-85.275772,35.06397],[-85.2757,35.064005],[-85.275627,35.064039],[-85.275554,35.064073],[-85.275482,35.064107],[-85.2754,35.064114],[-85.275316,35.064117],[-85.275232,35.064121],[-85.275149,35.064124],[-85.275065,35.064127],[-85.274989,35.064148],[-85.274922,35.064189],[-85.274855,35.064231],[-85.274788,35.064272],[-85.274721,35.064313],[-85.274667,35.064362],[-85.274638,35.064426],[-85.274609,35.06449],[-85.27458,35.064555],[-85.274551,35.064619],[-85.274522,35.064683],[-85.274493,35.064747],[-85.274463,35.064812],[-85.274434,35.064876],[-85.274405,35.06494],[-85.274376,35.065004],[-85.274347,35.065069],[-85.274318,35.065133],[-85.274289,35.065197],[-85.27426,35.065261],[-85.274231,35.065326],[-85.274201,35.06539],[-85.274154,35.06544],[-85.274078,35.065469],[-85.274002,35.065497],[-85.273926,35.065526],[-85.273845,35.065527],[-85.273762,35.065517],[-85.273679,35.065508],[-85.273596,35.065498],[-85.273513,35.065488],[-85.27343,35.065479],[-85.273347,35.065469],[-85.273295,35.065496],[-85.273276,35.065562],[-85.273257,35.065629],[-85.273238,35.065696],[-85.273219,35.065763],[-85.2732,35.065829],[-85.273181,35.065896],[-85.273162,35.065963],[-85.273143,35.06603],[-85.273124,35.066096],[-85.273105,35.066163],[-85.273086,35.06623],[-85.273067,35.066297],[-85.273048,35.066363],[-85.273029,35.06643],[-85.27301,35.066497],[-85.272991,35.066563],[-85.272972,35.06663],[-85.272953,35.066697],[-85.272934,35.066764],[-85.272915,35.06683],[-85.272896,35.066897],[-85.272877,35.066964],[-85.272858,35.067031],[-85.272839,35.067097],[-85.27282,35.067164],[-85.272801,35.067231],[-85.272782,35.067298],[-85.272763,35.067364],[-85.272745,35.067431],[-85.272726,35.067498],[-85.272685,35.067558],[-85.272643,35.067617],[-85.272601,35.067676],[-85.272559,35.067735],[-85.272517,35.067795],[-85.272475,35.067854],[-85.272433,35.067913],[-85.272391,35.067973],[-85.272349,35.068032],[-85.272307,35.068091],[-85.272265,35.068151],[-85.272223,35.06821],[-85.272181,35.068269],[-85.272139,35.068329],[-85.272097,35.068388],[-85.272055,35.068447],[-85.272013,35.068506],[-85.271972,35.068566],[-85.27193,35.068625],[-85.271888,35.068684],[-85.271846,35.068744],[-85.271804,35.068803],[-85.271781,35.068866],[-85.271781,35.068935],[-85.271782,35.069003],[-85.271783,35.069072],[-85.271783,35.069141],[-85.271784,35.069209],[-85.271785,35.069278],[-85.271785,35.069346],[-85.271786,35.069415],[-85.271786,35.069483],[-85.271787,35.069552],[-85.271788,35.06962],[-85.271788,35.069689],[-85.271789,35.069757],[-85.27179,35.069826],[-85.27179,35.069894],[-85.271791,35.069963],[-85.271791,35.070031],[-85.271792,35.0701],[-85.271793,35.070168],[-85.271793,35.070237],[-85.271794,35.070305],[-85.271795,35.070374],[-85.271795,35.070443],[-85.271796,35.070511],[-85.271796,35.07058],[-85.271797,35.070648],[-85.271798,35.070717],[-85.271798,35.070785],[-85.271799,35.070854],[-85.2718,35.070922],[-85.2718,35.070991],[-85.271801,35.071059],[-85.271801,35.071128],[-85.271801,35.071196],[-85.271792,35.071264],[-85.271782,35.071332],[-85.271759,35.071398],[-85.271731,35.071463],[-85.271704,35.071527],[-85.271676,35.071592],[-85.271649,35.071657],[-85.271621,35.071721],[-85.271594,35.071786],[-85.271566,35.071851],[-85.271538,35.071916],[-85.271511,35.07198],[-85.271483,35.072045],[-85.271456,35.07211],[-85.271428,35.072174],[-85.271401,35.072239],[-85.271373,35.072304],[-85.271346,35.072369],[-85.271318,35.072433],[-85.27129,35.072498],[-85.271233,35.072547],[-85.271172,35.072594],[-85.271111,35.07264],[-85.271049,35.072687],[-85.270988,35.072733],[-85.270927,35.07278],[-85.270865,35.072827],[-85.270804,35.072873],[-85.270743,35.07292],[-85.270681,35.072967],[-85.27062,35.073013],[-85.270558,35.07306],[-85.270497,35.073107],[-85.270436,35.073153],[-85.270379,35.073202],[-85.27034,35.073263],[-85.270301,35.073324],[-85.270263,35.073385],[-85.270224,35.073446],[-85.270185,35.073506],[-85.270147,35.073567],[-85.270108,35.073628],[-85.270103,35.073696],[-85.270098,35.073765],[-85.270094,35.073833],[-85.27009,35.073901],[-85.270086,35.07397],[-85.270081,35.074038],[-85.270077,35.074107],[-85.270073,35.074175],[-85.270068,35.074244],[-85.270064,35.074312],[-85.270088,35.074378],[-85.270113,35.074443],[-85.270138,35.074508],[-85.270163,35.074574],[-85.270188,35.074639],[-85.270213,35.074705],[-85.270238,35.07477],[-85.270263,35.074835],[-85.270289,35.074901],[-85.270314,35.074966],[-85.270339,35.075031],[-85.270364,35.075097],[-85.270389,35.075162],[-85.270414,35.075228],[-85.270439,35.075293],[-85.270464,35.075358],[-85.270489,35.075424],[-85.270514,35.075489],[-85.270539,35.075554],[-85.270564,35.07562],[-85.270589,35.075685],[-85.270615,35.075751],[-85.27064,35.075816],[-85.27063,35.075883],[-85.270614,35.07595],[-85.270599,35.076018],[-85.270583,35.076085],[-85.270568,35.076152],[-85.270552,35.07622],[-85.270537,35.076287],[-85.270521,35.076354],[-85.270506,35.076422],[-85.27049,35.076489],[-85.270475,35.076556],[-85.270459,35.076624],[-85.270444,35.076691],[-85.270429,35.076759],[-85.270432,35.076827],[-85.270436,35.076895],[-85.270439,35.076964],[-85.270443,35.077032],[-85.270447,35.077101],[-85.27045,35.077169],[-85.270454,35.077238],[-85.270457,35.077306],[-85.270461,35.077375],[-85.270464,35.077443],[-85.270468,35.077512],[-85.270472,35.07758],[-85.270416,35.077631],[-85.270359,35.077681],[-85.270302,35.077732],[-85.270245,35.077782],[-85.270178,35.077817],[-85.270096,35.077833],[-85.270015,35.077849],[-85.269933,35.077865],[-85.269852,35.077881],[-85.269771,35.077898],[-85.269689,35.077914],[-85.269608,35.07793],[-85.269527,35.077946],[-85.269448,35.077931],[-85.269371,35.077905],[-85.269293,35.077879],[-85.269215,35.077853],[-85.269138,35.077827],[-85.26906,35.077802],[-85.268983,35.077776],[-85.268911,35.077743],[-85.268854,35.077693],[-85.268797,35.077643],[-85.26874,35.077593],[-85.268683,35.077543],[-85.268626,35.077492],[-85.268569,35.077442],[-85.268511,35.077392],[-85.268454,35.077342],[-85.268397,35.077292],[-85.268338,35.077245],[-85.268259,35.077221],[-85.268181,35.077197],[-85.268115,35.077235],[-85.268049,35.077278],[-85.267984,35.077321],[-85.267939,35.077376],[-85.267905,35.077439],[-85.267872,35.077502],[-85.267838,35.077565],[-85.267804,35.077627],[-85.267771,35.07769],[-85.267737,35.077753],[-85.267703,35.077816],[-85.26767,35.077878],[-85.267636,35.077941],[-85.267602,35.078004],[-85.267575,35.078068],[-85.267575,35.078136],[-85.267575,35.078205],[-85.267575,35.078273],[-85.267575,35.078342],[-85.267555,35.078407],[-85.26752,35.078469],[-85.267484,35.078531],[-85.267449,35.078593],[-85.267414,35.078655],[-85.267379,35.078718],[-85.267344,35.07878],[-85.267308,35.078842],[-85.267273,35.078904],[-85.267238,35.078966],[-85.267203,35.079028],[-85.267167,35.079091],[-85.267132,35.079153],[-85.267097,35.079215],[-85.267062,35.079277],[-85.267027,35.079339],[-85.266991,35.079401],[-85.266956,35.079464],[-85.266921,35.079526],[-85.266886,35.079588],[-85.266851,35.07965],[-85.266815,35.079712],[-85.26678,35.079775],[-85.266745,35.079837],[-85.26671,35.079899],[-85.266674,35.079961],[-85.266639,35.080023],[-85.266604,35.080085],[-85.266569,35.080148],[-85.266534,35.08021],[-85.266498,35.080272],[-85.266463,35.080334],[-85.266428,35.080396],[-85.266393,35.080458],[-85.266357,35.080521],[-85.266322,35.080583],[-85.266287,35.080645],[-85.266252,35.080707],[-85.266217,35.080769],[-85.266181,35.080831],[-85.266146,35.080894],[-85.266111,35.080956],[-85.266076,35.081018],[-85.266058,35.081085],[-85.266041,35.081152],[-85.266025,35.081219],[-85.266008,35.081286],[-85.265992,35.081354],[-85.265976,35.081421],[-85.265959,35.081488],[-85.265943,35.081555],[-85.265926,35.081622],[-85.26591,35.08169],[-85.265893,35.081757],[-85.265877,35.081824],[-85.265861,35.081891],[-85.265844,35.081958],[-85.265828,35.082026],[-85.265811,35.082093],[-85.265795,35.08216],[-85.265779,35.082227],[-85.265762,35.082294],[-85.265746,35.082362],[-85.265729,35.082429],[-85.265713,35.082496],[-85.265664,35.082548],[-85.265602,35.082594],[-85.26554,35.08264],[-85.265478,35.082687],[-85.265416,35.082733],[-85.265354,35.082779],[-85.265292,35.082825],[-85.265231,35.082871],[-85.265169,35.082917],[-85.265107,35.082963],[-85.265045,35.083009],[-85.264989,35.083059],[-85.264951,35.08312],[-85.264913,35.083181],[-85.264875,35.083242],[-85.264837,35.083304],[-85.264799,35.083365],[-85.264761,35.083426],[-85.264723,35.083487],[-85.264684,35.083548],[-85.264646,35.083609],[-85.264608,35.08367],[-85.26457,35.083731],[-85.264532,35.083792],[-85.264483,35.083844],[-85.26441,35.083878],[-85.264338,35.083912],[-85.264265,35.083947],[-85.264192,35.083981],[-85.26412,35.084015],[-85.264047,35.08405],[-85.263975,35.084084],[-85.263902,35.084118],[-85.26383,35.084152],[-85.263757,35.084187],[-85.263685,35.084221],[-85.263612,35.084255],[-85.263541,35.08429],[-85.263541,35.084359],[-85.263541,35.084427],[-85.26355,35.084493],[-85.263601,35.084548],[-85.263651,35.084603],[-85.263701,35.084657],[-85.263751,35.084712],[-85.263802,35.084767],[-85.263852,35.084822],[-85.263902,35.084877],[-85.263952,35.084932],[-85.264003,35.084986],[-85.264053,35.085041],[-85.264103,35.085096],[-85.26407,35.085135],[-85.263996,35.085165],[-85.263921,35.085196],[-85.263864,35.085235],[-85.263869,35.085304],[-85.263874,35.085372],[-85.263879,35.08544],[-85.263885,35.085509],[-85.26389,35.085577],[-85.263895,35.085646],[-85.2639,35.085714],[-85.263905,35.085782],[-85.263875,35.085846],[-85.263845,35.08591],[-85.263815,35.085974],[-85.263785,35.086038],[-85.263755,35.086102],[-85.263725,35.086166],[-85.263694,35.08623],[-85.263664,35.086294],[-85.263634,35.086358],[-85.263604,35.086422],[-85.263574,35.086486],[-85.263544,35.08655],[-85.263514,35.086614],[-85.263484,35.086678],[-85.263454,35.086742],[-85.263424,35.086805],[-85.263393,35.086869],[-85.263363,35.086933],[-85.263333,35.086997],[-85.263303,35.087061],[-85.263273,35.087125],[-85.263243,35.087189],[-85.263213,35.087253],[-85.263183,35.087317],[-85.263153,35.087381],[-85.263122,35.087445],[-85.263092,35.087509],[-85.263062,35.087573],[-85.263032,35.087637],[-85.263002,35.087701],[-85.262972,35.087765],[-85.262942,35.087829],[-85.262912,35.087893],[-85.26288,35.087956],[-85.262845,35.088018],[-85.262811,35.088081],[-85.262777,35.088144],[-85.262743,35.088206],[-85.262709,35.088269],[-85.262675,35.088331],[-85.262641,35.088394],[-85.262606,35.088456],[-85.262572,35.088519],[-85.262538,35.088582],[-85.262504,35.088644],[-85.26247,35.088707],[-85.262436,35.088769],[-85.262402,35.088832],[-85.262367,35.088894],[-85.262322,35.088952],[-85.262273,35.089007],[-85.262224,35.089063],[-85.262176,35.089119],[-85.262113,35.089154],[-85.26203,35.089157],[-85.261946,35.08916],[-85.261862,35.089163],[-85.261779,35.089167],[-85.261695,35.08917],[-85.261686,35.089221],[-85.261659,35.089255],[-85.261575,35.089247],[-85.261492,35.089239],[-85.261409,35.089231],[-85.261326,35.089224],[-85.261243,35.089233],[-85.26116,35.089242],[-85.261077,35.089251],[-85.260994,35.08926],[-85.260911,35.089268],[-85.260828,35.089277],[-85.260745,35.089286],[-85.260662,35.089295],[-85.260579,35.089304],[-85.260496,35.089313],[-85.260413,35.089322],[-85.26033,35.089331],[-85.260247,35.08934],[-85.260172,35.089363],[-85.260111,35.08941],[-85.26005,35.089457],[-85.259989,35.089504],[-85.259928,35.089551],[-85.259868,35.089599],[-85.259807,35.089646],[-85.259761,35.089702],[-85.259724,35.089763],[-85.259686,35.089825],[-85.259649,35.089886],[-85.259611,35.089947],[-85.259574,35.090009],[-85.259536,35.09007],[-85.259499,35.090131],[-85.259463,35.090193],[-85.259449,35.09026],[-85.259435,35.090328],[-85.25942,35.090395],[-85.259406,35.090463],[-85.259392,35.090531],[-85.259378,35.090598],[-85.259364,35.090666],[-85.25935,35.090733],[-85.259336,35.090801],[-85.259258,35.090822],[-85.259177,35.090841],[-85.259097,35.090861],[-85.259017,35.09088],[-85.258948,35.090913],[-85.258894,35.090966],[-85.258841,35.091019],[-85.258788,35.091072],[-85.258735,35.091125],[-85.258681,35.091178],[-85.258628,35.09123],[-85.258575,35.091283],[-85.258521,35.091336],[-85.258468,35.091389],[-85.258415,35.091442],[-85.258361,35.091495],[-85.258308,35.091548],[-85.258255,35.0916],[-85.258201,35.091653],[-85.258148,35.091706],[-85.258095,35.091759],[-85.258041,35.091812],[-85.257988,35.091865],[-85.257935,35.091917],[-85.257881,35.09197],[-85.257828,35.092023],[-85.257775,35.092076],[-85.257721,35.092129],[-85.257668,35.092182],[-85.257615,35.092235],[-85.257561,35.092287],[-85.257508,35.09234],[-85.257455,35.092393],[-85.257389,35.092435],[-85.25732,35.092474],[-85.257252,35.092514],[-85.257184,35.092553],[-85.257115,35.092593],[-85.257047,35.092633],[-85.256979,35.092672],[-85.256918,35.092718],[-85.256874,35.092776],[-85.256831,35.092835],[-85.256787,35.092893],[-85.256743,35.092952],[-85.2567,35.09301],[-85.256656,35.093069],[-85.256612,35.093127],[-85.256569,35.093186],[-85.256525,35.093244],[-85.256481,35.093303],[-85.256421,35.093345],[-85.256344,35.093372],[-85.256267,35.0934],[-85.25619,35.093427],[-85.256113,35.093454],[-85.256037,35.093481],[-85.25596,35.093508],[-85.255883,35.093536],[-85.255806,35.093563],[-85.255729,35.09359],[-85.255652,35.093617],[-85.255575,35.093644],[-85.255498,35.093672],[-85.255422,35.093699],[-85.255345,35.093726],[-85.255268,35.093753],[-85.255191,35.09378],[-85.255114,35.093808],[-85.255037,35.093835],[-85.25496,35.093862],[-85.254883,35.093889],[-85.254807,35.093916],[-85.25473,35.093944],[-85.254653,35.093971],[-85.254576,35.093998],[-85.254499,35.094025],[-85.254422,35.094052],[-85.254345,35.09408],[-85.254268,35.094107],[-85.254192,35.094134],[-85.254115,35.094161],[-85.254073,35.09421],[-85.254064,35.094278],[-85.254055,35.094346],[-85.254045,35.094414],[-85.254036,35.094482],[-85.254078,35.094539],[-85.254127,35.094595],[-85.254176,35.094651],[-85.254225,35.094706],[-85.254274,35.094762],[-85.254323,35.094817],[-85.254372,35.094873],[-85.254421,35.094929],[-85.25447,35.094984],[-85.254519,35.09504],[-85.254568,35.095095],[-85.254616,35.095151],[-85.254665,35.095207],[-85.254714,35.095262],[-85.254763,35.095318],[-85.254804,35.095374],[-85.254767,35.095436],[-85.254731,35.095497],[-85.254694,35.095559],[-85.254657,35.095621],[-85.254621,35.095682],[-85.254584,35.095744],[-85.254547,35.095805],[-85.254511,35.095867],[-85.254474,35.095929],[-85.254438,35.09599],[-85.254378,35.096031],[-85.254299,35.096054],[-85.25422,35.096078],[-85.254173,35.096125],[-85.254152,35.096191],[-85.254131,35.096257],[-85.254109,35.096324],[-85.254088,35.09639],[-85.254034,35.096424],[-85.253951,35.09643],[-85.253867,35.096435],[-85.253784,35.09644],[-85.2537,35.096445],[-85.253617,35.096451],[-85.253533,35.096456],[-85.25345,35.096461],[-85.253366,35.096466],[-85.253283,35.096472],[-85.253204,35.09649],[-85.25313,35.096523],[-85.253056,35.096555],[-85.252982,35.096587],[-85.252927,35.096623],[-85.252977,35.096678],[-85.253027,35.096732],[-85.253077,35.096787],[-85.2531,35.096843],[-85.253059,35.096903],[-85.253017,35.096963],[-85.252976,35.097022],[-85.252935,35.097082],[-85.252894,35.097142],[-85.252853,35.097201],[-85.252865,35.097255],[-85.252924,35.097304],[-85.252984,35.097352],[-85.253043,35.0974],[-85.253031,35.097443],[-85.252962,35.097481],[-85.252892,35.09752],[-85.252822,35.097558],[-85.252753,35.097596],[-85.252683,35.097634],[-85.252614,35.097672],[-85.252544,35.09771],[-85.252475,35.097749],[-85.252405,35.097787],[-85.252336,35.097825],[-85.252266,35.097863],[-85.252196,35.097901],[-85.252127,35.09794],[-85.252057,35.097978],[-85.251988,35.098016],[-85.251918,35.098054],[-85.251849,35.098092],[-85.251779,35.09813],[-85.251709,35.098169],[-85.25164,35.098207],[-85.25157,35.098245],[-85.251501,35.098283],[-85.251431,35.098321],[-85.251362,35.098359],[-85.25129,35.098394],[-85.251213,35.09842],[-85.251135,35.098446],[-85.251057,35.098472],[-85.25098,35.098498],[-85.250902,35.098524],[-85.250825,35.09855],[-85.250747,35.098575],[-85.250665,35.098581],[-85.250581,35.098581],[-85.250497,35.098581],[-85.250413,35.098581],[-85.25033,35.098581],[-85.25028,35.098633],[-85.250234,35.09869],[-85.250187,35.098747],[-85.250141,35.098804],[-85.250094,35.098861],[-85.250048,35.098918],[-85.249989,35.098964],[-85.249915,35.098996],[-85.24984,35.099028],[-85.249766,35.099059],[-85.249692,35.099091],[-85.249618,35.099123],[-85.249544,35.099155],[-85.249469,35.099186],[-85.249395,35.099218],[-85.249321,35.09925],[-85.249247,35.099282],[-85.249173,35.099314],[-85.249098,35.099345],[-85.249024,35.099377],[-85.24895,35.099409],[-85.248876,35.099441],[-85.248801,35.099472],[-85.248727,35.099504],[-85.248653,35.099536],[-85.248579,35.099568],[-85.248505,35.0996],[-85.24843,35.099631],[-85.248356,35.099663],[-85.248282,35.099695],[-85.248208,35.099727],[-85.248134,35.099759],[-85.248059,35.09979],[-85.247985,35.099822],[-85.247911,35.099854],[-85.247837,35.099886],[-85.247763,35.099917],[-85.247688,35.099949],[-85.247614,35.099981],[-85.24754,35.100013],[-85.247466,35.100045],[-85.247392,35.100076],[-85.247317,35.100108],[-85.247241,35.100137],[-85.247163,35.100162],[-85.247085,35.100186],[-85.247007,35.100211],[-85.246929,35.100236],[-85.246851,35.10026],[-85.246773,35.100285],[-85.246695,35.10031],[-85.246616,35.100335],[-85.246538,35.100359],[-85.24646,35.100384],[-85.246382,35.100409],[-85.246304,35.100434],[-85.246226,35.100458],[-85.246148,35.100483],[-85.24607,35.100508],[-85.245992,35.100533],[-85.245911,35.100549],[-85.245828,35.100553],[-85.245744,35.100557],[-85.24566,35.100561],[-85.245577,35.100566],[-85.2455,35.100593],[-85.245423,35.100621],[-85.245347,35.100648],[-85.24527,35.100675],[-85.245193,35.100703],[-85.245116,35.10073],[-85.245039,35.100757],[-85.244963,35.100785],[-85.244886,35.100812],[-85.244809,35.100839],[-85.244732,35.100867],[-85.244655,35.100894],[-85.244579,35.100922],[-85.244502,35.100949],[-85.244425,35.100976],[-85.244348,35.101004],[-85.244271,35.101031],[-85.244195,35.101058],[-85.244118,35.101086],[-85.244041,35.101113],[-85.243964,35.10114],[-85.243887,35.101168],[-85.243811,35.101195],[-85.243734,35.101222],[-85.243657,35.10125],[-85.24358,35.101277],[-85.243503,35.101304],[-85.243427,35.101332],[-85.24335,35.101359],[-85.243273,35.101386],[-85.243191,35.101399],[-85.243108,35.101409],[-85.243025,35.101419],[-85.242942,35.10143],[-85.24286,35.10144],[-85.242777,35.10145],[-85.242694,35.10146],[-85.242611,35.101471],[-85.242528,35.101481],[-85.242446,35.101491],[-85.242363,35.101501],[-85.24228,35.101512],[-85.242197,35.101522],[-85.242114,35.101532],[-85.242031,35.101542],[-85.241949,35.101553],[-85.241866,35.101563],[-85.241783,35.101573],[-85.2417,35.101583],[-85.241617,35.101594],[-85.241535,35.101604],[-85.241452,35.101614],[-85.241369,35.101624],[-85.241286,35.101635],[-85.241203,35.101645],[-85.24112,35.101655],[-85.241038,35.101665],[-85.240955,35.101676],[-85.240872,35.101686],[-85.240789,35.101696],[-85.240706,35.101706],[-85.240625,35.101721],[-85.240543,35.101736],[-85.240461,35.101751],[-85.240379,35.101766],[-85.240298,35.101781],[-85.240216,35.101796],[-85.240134,35.101811],[-85.240052,35.101826],[-85.239971,35.101841],[-85.239889,35.101856],[-85.239807,35.101871],[-85.239726,35.101886],[-85.239644,35.101901],[-85.239562,35.101916],[-85.23948,35.101931],[-85.239399,35.101946],[-85.239317,35.101961],[-85.239235,35.101976],[-85.239153,35.101991],[-85.239072,35.102006],[-85.23899,35.102021],[-85.238908,35.102036],[-85.238826,35.102051],[-85.238745,35.102066],[-85.238663,35.102081],[-85.238581,35.102096],[-85.238499,35.102111],[-85.238418,35.102126],[-85.238336,35.102141],[-85.238254,35.102156],[-85.238173,35.102171],[-85.238091,35.102186],[-85.238009,35.102199],[-85.237925,35.102206],[-85.237842,35.102213],[-85.237759,35.102221],[-85.237676,35.102228],[-85.237592,35.102235],[-85.237509,35.102242],[-85.237426,35.10225],[-85.237342,35.102257],[-85.237259,35.102264],[-85.237176,35.102271],[-85.237092,35.102279],[-85.237009,35.102286],[-85.236926,35.102293],[-85.236843,35.1023],[-85.236759,35.102308],[-85.236676,35.102315],[-85.236593,35.102322],[-85.236509,35.102329],[-85.236426,35.102337],[-85.236343,35.102344],[-85.23626,35.102351],[-85.236176,35.102358],[-85.236093,35.102365],[-85.23601,35.102373],[-85.235926,35.10238],[-85.235843,35.102387],[-85.23576,35.102394],[-85.235676,35.102402],[-85.235593,35.102408],[-85.235509,35.10241],[-85.235426,35.102412],[-85.235342,35.102414],[-85.235258,35.102416],[-85.235174,35.102418],[-85.235091,35.102419],[-85.235007,35.102421],[-85.234923,35.102423],[-85.23484,35.102425],[-85.234756,35.102427],[-85.234672,35.102429],[-85.234588,35.10243],[-85.234505,35.102432],[-85.234421,35.102434],[-85.234337,35.102436],[-85.234253,35.102438],[-85.23417,35.10244],[-85.234086,35.102442],[-85.234003,35.102441],[-85.233921,35.102424],[-85.23384,35.102408],[-85.233758,35.102392],[-85.233677,35.102376],[-85.233596,35.10236],[-85.233514,35.102344],[-85.233433,35.102327],[-85.233351,35.102311],[-85.23327,35.102295],[-85.233188,35.102285],[-85.233104,35.102285],[-85.23302,35.102285],[-85.232936,35.102285],[-85.232853,35.102285],[-85.232769,35.102285],[-85.232685,35.102285],[-85.232601,35.102285],[-85.232518,35.102285],[-85.232434,35.102285],[-85.23235,35.102285],[-85.232266,35.102285],[-85.232183,35.102285],[-85.232099,35.102285],[-85.232015,35.102285],[-85.231931,35.102285],[-85.231848,35.102285],[-85.231764,35.102285],[-85.23168,35.102285],[-85.231596,35.102285],[-85.231512,35.102285],[-85.231429,35.102285],[-85.231352,35.102263],[-85.231281,35.102228],[-85.231209,35.102193],[-85.231228,35.102202],[-85.2313,35.102237],[-85.231372,35.102273],[-85.231451,35.102285],[-85.231535,35.102285],[-85.231619,35.102285],[-85.231703,35.102285],[-85.231786,35.102285],[-85.23187,35.102285],[-85.231954,35.102285],[-85.232038,35.102285],[-85.232122,35.102285],[-85.232205,35.102285],[-85.232289,35.102285],[-85.232373,35.102285],[-85.232457,35.102285],[-85.23254,35.102285],[-85.232624,35.102285],[-85.232708,35.102285],[-85.232792,35.102285],[-85.232875,35.102285],[-85.232959,35.102285],[-85.233043,35.102285],[-85.233127,35.102285],[-85.23321,35.102285],[-85.233292,35.102299],[-85.233374,35.102316],[-85.233455,35.102332],[-85.233536,35.102348],[-85.233618,35.102364],[-85.233699,35.10238],[-85.23378,35.102396],[-85.233862,35.102413],[-85.233943,35.102429],[-85.234025,35.102443],[-85.234109,35.102441],[-85.234192,35.102439],[-85.234276,35.102437],[-85.23436,35.102436],[-85.234444,35.102434],[-85.234527,35.102432],[-85.234611,35.10243],[-85.234695,35.102428],[-85.234779,35.102426],[-85.234862,35.102424],[-85.234946,35.102423],[-85.23503,35.102421],[-85.235113,35.102419],[-85.235197,35.102417],[-85.235281,35.102415],[-85.235365,35.102413],[-85.235448,35.102411],[-85.235532,35.10241],[-85.235616,35.102407],[-85.235699,35.1024],[-85.235782,35.102392],[-85.235866,35.102385],[-85.235949,35.102378],[-85.236032,35.102371],[-85.236116,35.102364],[-85.236199,35.102356],[-85.236282,35.102349],[-85.236365,35.102342],[-85.236449,35.102335],[-85.236532,35.102327],[-85.236615,35.10232],[-85.236699,35.102313],[-85.236782,35.102306],[-85.236865,35.102298],[-85.236948,35.102291],[-85.237032,35.102284],[-85.237115,35.102277],[-85.237198,35.102269],[-85.237282,35.102262],[-85.237365,35.102255],[-85.237448,35.102248],[-85.237532,35.10224],[-85.237615,35.102233],[-85.237698,35.102226],[-85.237781,35.102219],[-85.237865,35.102212],[-85.237948,35.102204],[-85.238031,35.102197],[-85.238113,35.102182],[-85.238195,35.102167],[-85.238276,35.102152],[-85.238358,35.102137],[-85.23844,35.102122],[-85.238522,35.102107],[-85.238603,35.102092],[-85.238685,35.102077],[-85.238767,35.102062],[-85.238849,35.102047],[-85.23893,35.102032],[-85.239012,35.102017],[-85.239094,35.102002],[-85.239176,35.101987],[-85.239257,35.101972],[-85.239339,35.101957],[-85.239421,35.101942],[-85.239502,35.101927],[-85.239584,35.101912],[-85.239666,35.101897],[-85.239748,35.101882],[-85.239829,35.101867],[-85.239911,35.101852],[-85.239993,35.101837],[-85.240075,35.101822],[-85.240156,35.101807],[-85.240238,35.101792],[-85.24032,35.101777],[-85.240402,35.101762],[-85.240483,35.101747],[-85.240565,35.101732],[-85.240647,35.101717],[-85.240729,35.101703],[-85.240812,35.101693],[-85.240894,35.101683],[-85.240977,35.101673],[-85.24106,35.101662],[-85.241143,35.101652],[-85.241226,35.101642],[-85.241309,35.101632],[-85.241391,35.101621],[-85.241474,35.101611],[-85.241557,35.101601],[-85.24164,35.101591],[-85.241723,35.101581],[-85.241805,35.10157],[-85.241888,35.10156],[-85.241971,35.10155],[-85.242054,35.10154],[-85.242137,35.101529],[-85.24222,35.101519],[-85.242302,35.101509],[-85.242385,35.101499],[-85.242468,35.101488],[-85.242551,35.101478],[-85.242634,35.101468],[-85.242716,35.101458],[-85.242799,35.101447],[-85.242882,35.101437],[-85.242965,35.101427],[-85.243048,35.101417],[-85.243131,35.101406],[-85.243213,35.101396],[-85.243294,35.101379],[-85.243371,35.101352],[-85.243447,35.101324],[-85.243524,35.101297],[-85.243601,35.10127],[-85.243678,35.101242],[-85.243755,35.101215],[-85.243831,35.101188],[-85.243908,35.10116],[-85.243985,35.101133],[-85.244062,35.101106],[-85.244139,35.101078],[-85.244215,35.101051],[-85.244292,35.101023],[-85.244369,35.100996],[-85.244446,35.100969],[-85.244523,35.100941],[-85.244599,35.100914],[-85.244676,35.100887],[-85.244753,35.100859],[-85.24483,35.100832],[-85.244907,35.100805],[-85.244983,35.100777],[-85.24506,35.10075],[-85.245137,35.100723],[-85.245214,35.100695],[-85.245291,35.100668],[-85.245367,35.100641],[-85.245444,35.100613],[-85.245521,35.100586],[-85.245599,35.100564],[-85.245683,35.10056],[-85.245767,35.100556],[-85.24585,35.100552],[-85.245934,35.100548],[-85.246013,35.100526],[-85.246091,35.100501],[-85.246169,35.100476],[-85.246247,35.100452],[-85.246325,35.100427],[-85.246403,35.100402],[-85.246481,35.100377],[-85.24656,35.100353],[-85.246638,35.100328],[-85.246716,35.100303],[-85.246794,35.100278],[-85.246872,35.100254],[-85.24695,35.100229],[-85.247028,35.100204],[-85.247106,35.10018],[-85.247184,35.100155],[-85.247263,35.10013],[-85.247337,35.1001],[-85.247412,35.100068],[-85.247486,35.100036],[-85.24756,35.100005],[-85.247635,35.099973],[-85.247709,35.099941],[-85.247783,35.09991],[-85.247858,35.099878],[-85.247932,35.099846],[-85.248006,35.099815],[-85.24808,35.099783],[-85.248155,35.099751],[-85.248229,35.09972],[-85.248303,35.099688],[-85.248377,35.099655],[-85.248451,35.099623],[-85.248524,35.09959],[-85.248598,35.099558],[-85.248672,35.099525],[-85.248745,35.099492],[-85.248819,35.09946],[-85.248893,35.099427],[-85.248966,35.099394],[-85.24904,35.099362],[-85.249114,35.099329],[-85.249187,35.099297],[-85.249261,35.099264],[-85.249334,35.099231],[-85.249408,35.099199],[-85.249482,35.099166],[-85.249555,35.099133],[-85.249629,35.099101],[-85.249703,35.099068],[-85.249776,35.099036],[-85.24985,35.099003],[-85.249924,35.09897],[-85.249997,35.098938],[-85.250071,35.098905],[-85.250145,35.098872],[-85.250218,35.09884],[-85.250292,35.098807],[-85.250366,35.098775],[-85.250439,35.098742],[-85.250513,35.098709],[-85.250587,35.098677],[-85.25066,35.098644],[-85.250734,35.098611],[-85.250808,35.098579],[-85.250881,35.098546],[-85.250955,35.098514],[-85.251029,35.098481],[-85.251102,35.098448],[-85.251177,35.098419],[-85.251258,35.0984],[-85.251335,35.098374],[-85.251404,35.098336],[-85.251474,35.098298],[-85.251543,35.09826],[-85.251613,35.098222],[-85.251682,35.098183],[-85.251752,35.098145],[-85.251822,35.098107],[-85.251891,35.098069],[-85.251961,35.098031],[-85.25203,35.097993],[-85.2521,35.097954],[-85.252169,35.097916],[-85.252239,35.097878],[-85.252308,35.09784],[-85.252378,35.097802],[-85.252448,35.097763],[-85.252517,35.097725],[-85.252587,35.097687],[-85.252656,35.097649],[-85.252726,35.097611],[-85.252795,35.097573],[-85.252865,35.097534],[-85.252935,35.097496],[-85.253004,35.097458],[-85.253073,35.097419],[-85.253124,35.097365],[-85.253176,35.097311],[-85.253228,35.097257],[-85.25328,35.097204],[-85.253332,35.09715],[-85.253383,35.097096],[-85.253435,35.097042],[-85.253487,35.096988],[-85.253539,35.096934],[-85.253591,35.096881],[-85.253643,35.096827],[-85.253694,35.096773],[-85.253746,35.096719],[-85.253798,35.096665],[-85.25385,35.096611],[-85.253902,35.096558],[-85.253953,35.096504],[-85.254005,35.09645],[-85.254057,35.096396],[-85.254109,35.096342],[-85.254161,35.096288],[-85.254213,35.096235],[-85.254264,35.096181],[-85.254316,35.096127],[-85.254368,35.096073],[-85.25442,35.096019],[-85.254457,35.095958],[-85.254494,35.095896],[-85.25453,35.095835],[-85.254567,35.095773],[-85.254603,35.095711],[-85.25464,35.09565],[-85.254677,35.095588],[-85.254713,35.095526],[-85.25475,35.095465],[-85.254787,35.095403],[-85.254786,35.095344],[-85.254737,35.095289],[-85.254688,35.095233],[-85.25464,35.095177],[-85.254591,35.095122],[-85.254542,35.095066],[-85.254493,35.09501],[-85.254444,35.094955],[-85.254395,35.094899],[-85.254346,35.094844],[-85.254297,35.094788],[-85.254248,35.094732],[-85.254199,35.094677],[-85.25415,35.094621],[-85.254101,35.094566],[-85.254052,35.09451],[-85.254041,35.094446],[-85.25405,35.094378],[-85.254059,35.09431],[-85.254069,35.094242],[-85.254078,35.094174],[-85.254155,35.094147],[-85.254232,35.09412],[-85.254309,35.094093],[-85.254386,35.094065],[-85.254463,35.094038],[-85.25454,35.094011],[-85.254617,35.093984],[-85.254693,35.093957],[-85.25477,35.093929],[-85.254847,35.093902],[-85.254924,35.093875],[-85.255001,35.093848],[-85.255078,35.093821],[-85.255155,35.093793],[-85.255232,35.093766],[-85.255308,35.093739],[-85.255385,35.093712],[-85.255462,35.093685],[-85.255539,35.093657],[-85.255616,35.09363],[-85.255693,35.093603],[-85.25577,35.093576],[-85.255847,35.093549],[-85.255923,35.093521],[-85.256,35.093494],[-85.256077,35.093467],[-85.256154,35.09344],[-85.256231,35.093413],[-85.256308,35.093385],[-85.256385,35.093358],[-85.256461,35.09333],[-85.256504,35.093271],[-85.256547,35.093213],[-85.25659,35.093154],[-85.256633,35.093095],[-85.256611,35.093083],[-85.256534,35.093111],[-85.256458,35.093138],[-85.256381,35.093165],[-85.256304,35.093193],[-85.256227,35.09322],[-85.256151,35.093248],[-85.256074,35.093275],[-85.255997,35.093303],[-85.255921,35.09333],[-85.255844,35.093358],[-85.255767,35.093385],[-85.25569,35.093413],[-85.255614,35.09344],[-85.255537,35.093467],[-85.25546,35.093495],[-85.255383,35.093522],[-85.255307,35.09355],[-85.25523,35.093577],[-85.255153,35.093605],[-85.255076,35.093632],[-85.255,35.09366],[-85.254923,35.093687],[-85.254846,35.093715],[-85.254769,35.093742],[-85.254693,35.093769],[-85.254616,35.093797],[-85.254539,35.093824],[-85.254462,35.093852],[-85.254386,35.093879],[-85.254309,35.093907],[-85.254232,35.093934],[-85.254155,35.093962],[-85.254079,35.093989],[-85.254002,35.094017],[-85.253925,35.094044],[-85.253848,35.094071],[-85.253772,35.094099],[-85.253695,35.094126],[-85.253618,35.094154],[-85.253542,35.094181],[-85.253465,35.094209],[-85.253388,35.094236],[-85.253311,35.094264],[-85.253235,35.094291],[-85.253158,35.094319],[-85.253081,35.094346],[-85.253004,35.094373],[-85.252928,35.094401],[-85.252851,35.094428],[-85.252774,35.094456],[-85.252697,35.094483],[-85.252621,35.094511],[-85.252544,35.094538],[-85.252467,35.094566],[-85.25239,35.094593],[-85.252314,35.094621],[-85.252237,35.094648],[-85.25216,35.094675],[-85.252083,35.094703],[-85.252007,35.09473],[-85.25193,35.094758],[-85.251853,35.094785],[-85.251776,35.094813],[-85.2517,35.09484],[-85.251623,35.094868],[-85.251546,35.094895],[-85.251469,35.094922],[-85.251393,35.09495],[-85.251316,35.094977],[-85.251239,35.095005],[-85.251162,35.095032],[-85.251086,35.09506],[-85.251009,35.095087],[-85.250932,35.095115],[-85.250856,35.095142],[-85.250779,35.09517],[-85.250702,35.095197],[-85.250625,35.095224],[-85.250549,35.095252],[-85.250472,35.095279],[-85.250395,35.095307],[-85.250318,35.095334],[-85.250242,35.095362],[-85.250165,35.095389],[-85.250088,35.095417],[-85.250011,35.095444],[-85.249935,35.095472],[-85.249858,35.095499],[-85.249781,35.095526],[-85.249704,35.095554],[-85.249628,35.095581],[-85.249551,35.095609],[-85.249474,35.095636],[-85.249397,35.095664],[-85.249321,35.095691],[-85.249244,35.095719],[-85.249167,35.095746],[-85.24909,35.095774],[-85.249014,35.095801],[-85.248937,35.095828],[-85.24886,35.095856],[-85.248783,35.095883],[-85.248707,35.095911],[-85.24863,35.095938],[-85.248553,35.095966],[-85.248476,35.095993],[-85.2484,35.096021],[-85.248323,35.096048],[-85.248246,35.096076],[-85.24817,35.096103],[-85.248093,35.09613],[-85.248016,35.096158],[-85.247939,35.096185],[-85.247863,35.096213],[-85.247786,35.09624],[-85.247709,35.096268],[-85.247632,35.096295],[-85.247556,35.096323],[-85.247479,35.09635],[-85.247402,35.096378],[-85.247325,35.096405],[-85.247249,35.096432],[-85.247172,35.09646],[-85.247095,35.096487],[-85.247018,35.096515],[-85.246942,35.096542],[-85.246865,35.09657],[-85.246788,35.096597],[-85.246711,35.096625],[-85.246635,35.096652],[-85.246558,35.09668],[-85.246481,35.096707],[-85.246404,35.096734],[-85.246328,35.096762],[-85.246251,35.096789],[-85.246174,35.096817],[-85.246097,35.096844],[-85.246021,35.096872],[-85.245944,35.096899],[-85.245867,35.096927],[-85.24579,35.096954],[-85.245714,35.096982],[-85.245637,35.097009],[-85.24556,35.097036],[-85.245484,35.097064],[-85.245407,35.097091],[-85.24533,35.097119],[-85.245253,35.097146],[-85.245177,35.097174],[-85.2451,35.097201],[-85.245023,35.097229],[-85.244946,35.097256],[-85.24487,35.097283],[-85.244793,35.097311],[-85.244716,35.097338],[-85.244639,35.097366],[-85.244563,35.097393],[-85.244486,35.097421],[-85.244409,35.097448],[-85.244332,35.097476],[-85.244256,35.097503],[-85.244179,35.097531],[-85.244102,35.097558],[-85.244025,35.097585],[-85.243949,35.097613],[-85.243872,35.09764],[-85.243795,35.097668],[-85.243718,35.097695],[-85.243642,35.097723],[-85.243565,35.09775],[-85.243488,35.097778],[-85.243411,35.097805],[-85.243335,35.097833],[-85.243258,35.09786],[-85.243181,35.097887],[-85.243105,35.097915],[-85.243028,35.097942],[-85.242951,35.09797],[-85.242874,35.097997],[-85.242798,35.098025],[-85.242721,35.098052],[-85.242644,35.09808],[-85.242567,35.098107],[-85.242491,35.098135],[-85.242414,35.098162],[-85.242337,35.098189],[-85.24226,35.098217],[-85.242184,35.098244],[-85.242107,35.098272],[-85.24203,35.098299],[-85.241953,35.098327],[-85.241877,35.098354],[-85.2418,35.098382],[-85.241723,35.098409],[-85.241646,35.098437],[-85.24157,35.098464],[-85.241493,35.098491],[-85.241416,35.098519],[-85.241339,35.098546],[-85.241263,35.098574],[-85.241186,35.098601],[-85.241109,35.098629],[-85.241032,35.098656],[-85.240956,35.098684],[-85.240879,35.098711],[-85.240802,35.098739],[-85.240725,35.098766],[-85.240649,35.098793],[-85.240572,35.098821],[-85.240495,35.098848],[-85.240419,35.098876],[-85.240342,35.098903],[-85.240265,35.098931],[-85.240188,35.098958],[-85.240112,35.098986],[-85.240035,35.099013],[-85.239958,35.099041],[-85.239881,35.099068],[-85.239805,35.099095],[-85.239728,35.099123],[-85.239651,35.09915],[-85.239574,35.099178],[-85.239498,35.099205],[-85.239421,35.099233],[-85.239344,35.09926],[-85.239267,35.099288],[-85.239191,35.099315],[-85.239114,35.099343],[-85.239037,35.09937],[-85.23896,35.099397],[-85.238884,35.099425],[-85.238807,35.099452],[-85.23873,35.09948],[-85.238653,35.099507],[-85.238577,35.099535],[-85.2385,35.099562],[-85.238423,35.09959],[-85.238346,35.099617],[-85.23827,35.099645],[-85.238193,35.099672],[-85.238116,35.099699],[-85.238039,35.099727],[-85.237963,35.099754],[-85.237886,35.099782],[-85.237809,35.099809],[-85.237733,35.099837],[-85.237656,35.099864],[-85.237579,35.099892],[-85.237502,35.099919],[-85.237426,35.099946],[-85.237349,35.099974],[-85.237272,35.100001],[-85.237195,35.100029],[-85.237119,35.100056],[-85.237042,35.100084],[-85.236965,35.100111],[-85.236888,35.100139],[-85.236812,35.100166],[-85.236735,35.100194],[-85.236658,35.100221],[-85.236581,35.100248],[-85.236505,35.100276],[-85.236428,35.100303],[-85.236351,35.100331],[-85.236274,35.100358],[-85.236198,35.100386],[-85.236121,35.100413],[-85.236044,35.100441],[-85.235967,35.100468],[-85.235891,35.100496],[-85.235814,35.100523],[-85.235737,35.10055],[-85.23566,35.100578],[-85.235584,35.100605],[-85.235507,35.100633],[-85.23543,35.10066],[-85.235354,35.100688],[-85.235277,35.100715],[-85.2352,35.100743],[-85.235123,35.10077],[-85.235047,35.100798],[-85.23497,35.100825],[-85.234893,35.100852],[-85.234816,35.10088],[-85.23474,35.100907],[-85.234663,35.100935],[-85.234586,35.100962],[-85.234509,35.10099],[-85.234433,35.101017],[-85.234356,35.101045],[-85.234279,35.101072],[-85.234202,35.1011],[-85.234126,35.101127],[-85.234049,35.101154],[-85.233972,35.101182],[-85.233895,35.101209],[-85.233819,35.101237],[-85.233742,35.101264],[-85.233665,35.101292],[-85.233588,35.101319],[-85.233512,35.101347],[-85.233435,35.101374],[-85.233358,35.101402],[-85.233281,35.101429],[-85.233205,35.101456],[-85.233128,35.101484],[-85.233051,35.101511],[-85.232974,35.101539],[-85.232898,35.101566],[-85.232821,35.101594],[-85.232744,35.101621],[-85.232668,35.101649],[-85.232591,35.101676],[-85.232514,35.101704],[-85.232437,35.101731],[-85.232361,35.101758],[-85.232284,35.101786],[-85.232207,35.101813],[-85.23213,35.101841],[-85.232054,35.101868],[-85.231977,35.101896],[-85.2319,35.101923],[-85.231823,35.101951],[-85.231747,35.101978],[-85.23167,35.102006],[-85.231593,35.102033],[-85.231516,35.10206],[-85.23144,35.102088],[-85.231363,35.102115],[-85.231286,35.102143],[-85.231209,35.10217],[-85.231128,35.10218],[-85.231044,35.10218],[-85.230961,35.10218],[-85.230877,35.10218],[-85.230793,35.10218],[-85.230709,35.10218],[-85.230626,35.10218],[-85.230542,35.10218],[-85.230458,35.10218],[-85.230374,35.10218],[-85.23029,35.10218],[-85.230207,35.10218],[-85.230123,35.10218],[-85.230088,35.10218]]}},{"type":"Feature","properties":{"id":"South_Chick_GreenWay-public","name":"South Chickamauga Creek","slug":"south-chickamauga-creek"},"geometry":{"type":"LineString","coordinates":[[-85.25116,35.08982],[-85.251242,35.089808],[-85.251324,35.089796],[-85.251407,35.089783],[-85.251489,35.089771],[-85.251572,35.089759],[-85.251654,35.089747],[-85.251736,35.089734],[-85.251819,35.089722],[-85.2519,35.089706],[-85.25198,35.089685],[-85.252059,35.089663],[-85.252139,35.089642],[-85.252218,35.08962],[-85.252298,35.089599],[-85.252377,35.089577],[-85.252457,35.089556],[-85.252536,35.089534],[-85.252616,35.089513],[-85.252695,35.089491],[-85.252775,35.08947],[-85.252854,35.089448],[-85.252934,35.089427],[-85.253013,35.089405],[-85.253093,35.089384],[-85.253173,35.089362],[-85.253252,35.089341],[-85.253332,35.089319],[-85.253411,35.089298],[-85.253491,35.089276],[-85.25357,35.089255],[-85.25365,35.089233],[-85.253729,35.089212],[-85.253809,35.08919],[-85.253888,35.089169],[-85.253968,35.089147],[-85.254047,35.089126],[-85.254127,35.089104],[-85.254206,35.089118],[-85.254276,35.089147],[-85.254304,35.089212],[-85.254332,35.089277],[-85.25436,35.089341],[-85.254388,35.089406],[-85.254416,35.08947],[-85.254443,35.089535],[-85.254471,35.0896],[-85.254499,35.089664],[-85.254527,35.089729],[-85.254595,35.089768],[-85.254665,35.089805],[-85.254735,35.089843],[-85.254805,35.08988],[-85.254876,35.089917],[-85.254946,35.089955],[-85.255016,35.089992],[-85.255098,35.089989],[-85.255181,35.089981],[-85.255264,35.089973],[-85.255348,35.089965],[-85.255431,35.089958],[-85.255514,35.08995],[-85.255597,35.089942],[-85.25568,35.089934],[-85.255764,35.089927],[-85.255847,35.089919],[-85.25593,35.089911],[-85.25601,35.089892],[-85.256087,35.089865],[-85.256163,35.089838],[-85.25624,35.089811],[-85.256317,35.089784],[-85.256394,35.089756],[-85.256471,35.089729],[-85.256548,35.089702],[-85.256625,35.089675],[-85.256702,35.089648],[-85.256775,35.089616],[-85.256839,35.089572],[-85.256902,35.089527],[-85.256966,35.089483],[-85.25703,35.089438],[-85.257093,35.089393],[-85.257157,35.089349],[-85.25722,35.089304],[-85.257284,35.08926],[-85.257348,35.089215],[-85.257411,35.08917],[-85.257475,35.089126],[-85.257538,35.089081],[-85.257602,35.089037],[-85.257665,35.088992],[-85.257729,35.088947],[-85.257793,35.088903],[-85.257856,35.088858],[-85.25792,35.088814],[-85.257983,35.088769],[-85.258047,35.088724],[-85.258111,35.08868],[-85.258187,35.088706],[-85.258263,35.088734],[-85.25834,35.088762],[-85.258416,35.08879],[-85.258493,35.088818],[-85.258569,35.088846],[-85.258646,35.088874],[-85.258722,35.088902],[-85.258798,35.08893],[-85.258875,35.088958],[-85.258951,35.088986],[-85.259028,35.089014],[-85.259104,35.089042],[-85.259149,35.088999],[-85.259184,35.088937],[-85.25922,35.088875],[-85.259256,35.088813],[-85.259292,35.088751],[-85.259327,35.088689],[-85.259363,35.088627],[-85.259399,35.088565],[-85.259435,35.088503],[-85.259471,35.088441],[-85.259534,35.088419],[-85.259618,35.088424],[-85.259701,35.088429],[-85.259785,35.088434],[-85.259868,35.08844],[-85.259952,35.088445],[-85.260035,35.08845],[-85.260113,35.088475],[-85.26019,35.088501],[-85.260268,35.088527],[-85.260345,35.088554],[-85.260422,35.08858],[-85.2605,35.088607],[-85.260577,35.088633],[-85.260654,35.08866],[-85.260731,35.088686],[-85.260809,35.088712],[-85.260886,35.088739],[-85.260963,35.088765],[-85.26104,35.088792],[-85.261118,35.088818],[-85.261195,35.088845],[-85.261236,35.088896],[-85.261256,35.088963],[-85.261277,35.089029],[-85.261297,35.089096],[-85.261317,35.089162],[-85.261301,35.089208],[-85.261218,35.089217],[-85.261135,35.089225],[-85.261052,35.089233],[-85.260969,35.089241],[-85.260886,35.089249],[-85.260802,35.089257],[-85.260719,35.089265],[-85.260636,35.089273],[-85.260553,35.089281],[-85.26047,35.08929],[-85.260387,35.089298],[-85.260304,35.089306],[-85.26022,35.089314],[-85.260137,35.089322],[-85.260054,35.08933],[-85.259971,35.089338],[-85.259888,35.089346],[-85.259805,35.089354],[-85.259721,35.089363],[-85.259638,35.089371],[-85.259555,35.089379],[-85.259472,35.089387],[-85.259389,35.089395],[-85.259306,35.089403],[-85.259222,35.089411],[-85.259139,35.089419],[-85.259056,35.089428],[-85.258973,35.089436],[-85.25889,35.089444],[-85.258807,35.089452],[-85.258723,35.08946],[-85.25864,35.089468],[-85.258557,35.089476],[-85.258474,35.089484],[-85.258391,35.089492],[-85.258308,35.089501],[-85.258225,35.089509],[-85.258141,35.089517],[-85.258058,35.089525],[-85.257975,35.089533],[-85.257892,35.089541],[-85.257809,35.089549],[-85.257726,35.089557],[-85.257642,35.089565],[-85.257559,35.089574],[-85.257476,35.089582],[-85.257393,35.08959],[-85.25731,35.089598],[-85.257227,35.089606],[-85.257143,35.089614],[-85.25706,35.089622],[-85.256977,35.08963],[-85.256894,35.089639],[-85.256811,35.089647],[-85.256728,35.089655],[-85.256645,35.089665],[-85.256568,35.089692],[-85.256492,35.08972],[-85.256415,35.089747],[-85.256338,35.089775],[-85.256262,35.089802],[-85.256185,35.08983],[-85.256108,35.089857],[-85.256031,35.089885],[-85.255954,35.089909],[-85.25587,35.089917],[-85.255787,35.089925],[-85.255704,35.089932],[-85.255621,35.08994],[-85.255538,35.089948],[-85.255454,35.089955],[-85.255371,35.089963],[-85.255288,35.089971],[-85.255205,35.089979],[-85.255121,35.089986],[-85.255038,35.089994],[-85.254966,35.089966],[-85.254895,35.089928],[-85.254825,35.089891],[-85.254755,35.089853],[-85.254685,35.089816],[-85.254615,35.089778],[-85.254545,35.089741],[-85.254507,35.089683],[-85.254479,35.089618],[-85.254451,35.089553],[-85.254423,35.089489],[-85.254396,35.089424],[-85.254368,35.089359],[-85.25434,35.089295],[-85.254312,35.08923],[-85.254284,35.089166],[-85.254229,35.089124],[-85.254149,35.089102],[-85.25407,35.08912],[-85.25399,35.089141],[-85.253911,35.089163],[-85.253831,35.089184],[-85.253752,35.089206],[-85.253672,35.089227],[-85.253593,35.089249],[-85.253513,35.08927],[-85.253434,35.089292],[-85.253354,35.089313],[-85.253275,35.089335],[-85.253195,35.089356],[-85.253115,35.089378],[-85.253036,35.089399],[-85.252956,35.089421],[-85.252877,35.089442],[-85.252797,35.089464],[-85.252718,35.089485],[-85.252638,35.089507],[-85.252559,35.089528],[-85.252479,35.08955],[-85.2524,35.089571],[-85.25232,35.089593],[-85.252241,35.089614],[-85.252161,35.089635],[-85.252082,35.089657],[-85.252002,35.089678],[-85.251923,35.0897],[-85.251842,35.089719],[-85.25176,35.089731],[-85.251677,35.089743],[-85.251595,35.089755],[-85.251513,35.089768],[-85.25143,35.08978],[-85.251348,35.089792],[-85.251265,35.089804],[-85.251183,35.089817],[-85.251101,35.089829],[-85.251018,35.089841],[-85.250936,35.089853],[-85.250853,35.089866],[-85.250771,35.089878],[-85.250689,35.08989],[-85.250606,35.089902],[-85.250524,35.089915],[-85.250441,35.089927],[-85.250359,35.089939],[-85.250277,35.089951],[-85.250194,35.089964],[-85.250112,35.089976],[-85.250029,35.089988],[-85.249948,35.089987],[-85.249869,35.089965],[-85.249789,35.089944],[-85.24971,35.089922],[-85.24963,35.0899],[-85.249551,35.089879],[-85.249471,35.089857],[-85.249392,35.089835],[-85.249313,35.089814],[-85.249233,35.089792],[-85.249154,35.08977],[-85.24907,35.089768],[-85.248987,35.089769],[-85.248903,35.08977],[-85.248819,35.089771],[-85.248736,35.089771],[-85.248652,35.089772],[-85.248568,35.089773],[-85.248484,35.089774],[-85.248401,35.089775],[-85.248317,35.089776],[-85.248233,35.089776],[-85.248149,35.089777],[-85.248066,35.089778],[-85.247982,35.089779],[-85.247898,35.08978],[-85.247814,35.089781],[-85.247731,35.089781],[-85.247647,35.089782],[-85.247563,35.089783],[-85.247479,35.089784],[-85.247396,35.089785],[-85.247313,35.089778],[-85.24723,35.089768],[-85.247147,35.089757],[-85.247064,35.089746],[-85.246982,35.089735],[-85.246899,35.089724],[-85.246816,35.089713],[-85.246734,35.089702],[-85.246651,35.089691],[-85.246568,35.08968],[-85.246486,35.089669],[-85.246403,35.089658],[-85.24632,35.089647],[-85.246238,35.089636],[-85.246155,35.089625],[-85.246072,35.089614],[-85.24599,35.089603],[-85.245907,35.089592],[-85.245854,35.089541],[-85.245803,35.089486],[-85.245752,35.089432],[-85.2457,35.089378],[-85.245649,35.089324],[-85.245598,35.089269],[-85.245547,35.089215],[-85.245487,35.089244],[-85.245426,35.08929],[-85.245364,35.089337],[-85.245303,35.089383],[-85.245235,35.089416],[-85.245151,35.089413],[-85.245067,35.089411],[-85.244984,35.089408],[-85.2449,35.089406],[-85.244816,35.089404],[-85.244732,35.089401],[-85.244649,35.089399],[-85.244568,35.089381],[-85.244488,35.089361],[-85.244408,35.08934],[-85.244328,35.08932],[-85.244248,35.089299],[-85.244169,35.089279],[-85.244089,35.089259],[-85.244009,35.089238],[-85.243929,35.089218],[-85.243849,35.089197],[-85.243769,35.089177],[-85.243689,35.089156],[-85.243609,35.089136],[-85.243529,35.089116],[-85.243449,35.089095],[-85.243369,35.089075],[-85.243289,35.089054],[-85.243207,35.089041],[-85.243124,35.089032],[-85.243041,35.089023],[-85.242958,35.089014],[-85.242875,35.089005],[-85.242792,35.088996],[-85.242709,35.088987],[-85.242626,35.088978],[-85.242543,35.088969],[-85.24246,35.08896],[-85.242377,35.088951],[-85.242294,35.088942],[-85.242211,35.088933],[-85.242128,35.088924],[-85.242045,35.088915],[-85.241962,35.088906],[-85.241879,35.088897],[-85.241796,35.088888],[-85.241713,35.088879],[-85.24163,35.08887],[-85.241547,35.088861],[-85.241464,35.088854],[-85.24138,35.088854],[-85.241296,35.088854],[-85.241212,35.088854],[-85.241129,35.088854],[-85.241045,35.088854],[-85.240961,35.088854],[-85.240877,35.088854],[-85.240794,35.088854],[-85.24071,35.088854],[-85.240626,35.088854],[-85.240542,35.088854],[-85.240459,35.088854],[-85.240375,35.088854],[-85.240291,35.088854],[-85.240207,35.088854],[-85.240124,35.088854],[-85.24004,35.088854],[-85.239956,35.088854],[-85.239872,35.088854],[-85.239789,35.088854],[-85.23971,35.088834],[-85.239634,35.088805],[-85.239558,35.088776],[-85.239482,35.088747],[-85.239406,35.088719],[-85.23933,35.08869],[-85.239254,35.088661],[-85.239222,35.08862],[-85.239259,35.088558],[-85.239296,35.088497],[-85.239333,35.088435],[-85.23937,35.088374],[-85.239407,35.088313],[-85.239445,35.088251],[-85.239482,35.08819],[-85.239519,35.088128],[-85.239556,35.088067],[-85.239593,35.088005],[-85.23963,35.087944],[-85.239667,35.087882],[-85.239704,35.087821],[-85.239741,35.087759],[-85.239778,35.087698],[-85.239815,35.087637],[-85.239852,35.087575],[-85.239889,35.087514],[-85.239926,35.087452],[-85.239963,35.087391],[-85.24,35.087329],[-85.240038,35.087268],[-85.240075,35.087206],[-85.240112,35.087145],[-85.240149,35.087083],[-85.240186,35.087022],[-85.240223,35.086961],[-85.24026,35.086899],[-85.240297,35.086838],[-85.240334,35.086776],[-85.240371,35.086715],[-85.240408,35.086653],[-85.240445,35.086592],[-85.240482,35.08653],[-85.240519,35.086469],[-85.240556,35.086408],[-85.240593,35.086346],[-85.240631,35.086285],[-85.240668,35.086223],[-85.240705,35.086162],[-85.240742,35.0861],[-85.240779,35.086039],[-85.240816,35.085977],[-85.240831,35.085914],[-85.240811,35.085847],[-85.240792,35.085781],[-85.240772,35.085714],[-85.240753,35.085647],[-85.240733,35.085581],[-85.240714,35.085514],[-85.240694,35.085447],[-85.240675,35.085381],[-85.240655,35.085314],[-85.240636,35.085248],[-85.240616,35.085181],[-85.240596,35.085114],[-85.240564,35.085058],[-85.240483,35.085041],[-85.240402,35.085024],[-85.240321,35.085006],[-85.24024,35.084989],[-85.240159,35.084972],[-85.240078,35.084954],[-85.239997,35.084937],[-85.239916,35.08492],[-85.239835,35.084902],[-85.239753,35.084885],[-85.239672,35.084868],[-85.239592,35.084852],[-85.239516,35.084881],[-85.23944,35.084911],[-85.239365,35.08494],[-85.239289,35.084969],[-85.239213,35.084999],[-85.239132,35.085009],[-85.239049,35.085009],[-85.238965,35.085009],[-85.238881,35.085009],[-85.238798,35.085003],[-85.238719,35.084982],[-85.238639,35.084961],[-85.23856,35.084939],[-85.23848,35.084918],[-85.2384,35.084897],[-85.238321,35.084876],[-85.238241,35.084855],[-85.238161,35.084834],[-85.238082,35.084812],[-85.238002,35.084791],[-85.23793,35.084759],[-85.237865,35.084716],[-85.2378,35.084673],[-85.237734,35.08463],[-85.237669,35.084587],[-85.237604,35.084544],[-85.237539,35.0845],[-85.237474,35.084457],[-85.237409,35.084414],[-85.237327,35.084422],[-85.237244,35.084432],[-85.237161,35.084442],[-85.237078,35.084452],[-85.236995,35.084462],[-85.236913,35.084472],[-85.23683,35.084482],[-85.236747,35.084492],[-85.236664,35.084502],[-85.236581,35.084512],[-85.236498,35.084522],[-85.236415,35.084532],[-85.236333,35.084542],[-85.23625,35.084552],[-85.236167,35.084562],[-85.236084,35.084572],[-85.236001,35.084582],[-85.235918,35.084592],[-85.235836,35.084602],[-85.235753,35.084612],[-85.23567,35.084622],[-85.235586,35.08462],[-85.235503,35.084617],[-85.235419,35.084615],[-85.235335,35.084612],[-85.235252,35.084609],[-85.235168,35.084606],[-85.235084,35.084604],[-85.235001,35.084601],[-85.234917,35.084598],[-85.234833,35.084596],[-85.234749,35.084593],[-85.234666,35.08459],[-85.234582,35.084587],[-85.234498,35.084585],[-85.234415,35.084582],[-85.234331,35.084579],[-85.234247,35.084576],[-85.234164,35.084574],[-85.23408,35.084571],[-85.233996,35.084568],[-85.233913,35.084565],[-85.233829,35.084563],[-85.233745,35.08456],[-85.233662,35.084557],[-85.233578,35.084554],[-85.233494,35.084552],[-85.233411,35.084549],[-85.233327,35.084546],[-85.233243,35.084543],[-85.23316,35.084541],[-85.233076,35.084538],[-85.232992,35.084535],[-85.232909,35.084533],[-85.232825,35.08453],[-85.232741,35.084527],[-85.232658,35.084524],[-85.232574,35.084522],[-85.23249,35.084519],[-85.232407,35.084511],[-85.232325,35.084498],[-85.232243,35.084485],[-85.23216,35.084472],[-85.232078,35.08446],[-85.231996,35.084447],[-85.231914,35.084434],[-85.231831,35.084421],[-85.231749,35.084408],[-85.231667,35.084395],[-85.231585,35.084382],[-85.231502,35.084369],[-85.23142,35.084357],[-85.231338,35.084344],[-85.231256,35.084331],[-85.231173,35.084318],[-85.231091,35.084305],[-85.231009,35.084292],[-85.230928,35.084274],[-85.230848,35.084255],[-85.230767,35.084236],[-85.230687,35.084216],[-85.230607,35.084197],[-85.230526,35.084178],[-85.230446,35.084158],[-85.230366,35.084139],[-85.230285,35.08412],[-85.230205,35.0841],[-85.230125,35.084081],[-85.230044,35.084062],[-85.229964,35.084042],[-85.229884,35.084023],[-85.229803,35.084004],[-85.229723,35.083984],[-85.229643,35.083965],[-85.229562,35.083946],[-85.229482,35.083926],[-85.229402,35.083907],[-85.229321,35.083888],[-85.229241,35.083868],[-85.229161,35.083849],[-85.22908,35.08383],[-85.229,35.08381],[-85.22892,35.083791],[-85.228839,35.083772],[-85.228759,35.083752],[-85.228679,35.083733],[-85.228598,35.083714],[-85.228518,35.083694],[-85.228438,35.083675],[-85.228365,35.083709],[-85.228293,35.083743],[-85.228221,35.083778],[-85.228149,35.083813],[-85.228076,35.083848],[-85.22802,35.083898],[-85.227966,35.08395],[-85.227911,35.084002],[-85.227856,35.084054],[-85.227801,35.084105],[-85.227746,35.084157],[-85.227691,35.084209],[-85.227636,35.084261],[-85.227582,35.084313],[-85.227527,35.084364],[-85.227479,35.084333],[-85.227434,35.084276],[-85.227389,35.084218],[-85.22733,35.084176],[-85.227249,35.084158],[-85.227168,35.08414],[-85.227088,35.084121],[-85.227007,35.084103],[-85.226926,35.084085],[-85.226846,35.084066],[-85.226765,35.084048],[-85.226684,35.08403],[-85.226604,35.084011],[-85.226544,35.083965],[-85.226488,35.083915],[-85.226432,35.083864],[-85.226369,35.083846],[-85.226297,35.083881],[-85.226224,35.083915],[-85.226152,35.08395],[-85.226073,35.083939],[-85.225993,35.083918],[-85.225913,35.083898],[-85.225833,35.083878],[-85.225753,35.083857],[-85.225673,35.083837],[-85.225593,35.083817],[-85.225513,35.083796],[-85.225434,35.083776],[-85.225354,35.083756],[-85.225274,35.083736],[-85.225194,35.083715],[-85.225114,35.083695],[-85.225034,35.083675],[-85.224954,35.083654],[-85.224874,35.083634],[-85.224794,35.083614],[-85.224714,35.083593],[-85.224634,35.083573],[-85.224554,35.083553],[-85.224474,35.083532],[-85.224394,35.083512],[-85.224314,35.083492],[-85.224234,35.083471],[-85.224154,35.083451],[-85.224074,35.083431],[-85.223994,35.083411],[-85.223914,35.08339],[-85.223834,35.08337],[-85.223754,35.08335],[-85.223674,35.083329],[-85.223605,35.083292],[-85.223541,35.083249],[-85.223476,35.083205],[-85.223412,35.083161],[-85.223347,35.083117],[-85.223283,35.083073],[-85.223218,35.08303],[-85.223154,35.082986],[-85.223089,35.082942],[-85.223025,35.082898],[-85.222961,35.082855],[-85.222896,35.082811],[-85.222832,35.082767],[-85.222767,35.082723],[-85.222703,35.08268],[-85.222638,35.082637],[-85.222561,35.082608],[-85.222485,35.08258],[-85.222409,35.082551],[-85.222333,35.082523],[-85.222257,35.082494],[-85.222181,35.082466],[-85.222105,35.082437],[-85.222029,35.082408],[-85.221952,35.08238],[-85.221876,35.082351],[-85.2218,35.082323],[-85.221724,35.082294],[-85.221648,35.082266],[-85.221572,35.082237],[-85.221496,35.082209],[-85.22142,35.08218],[-85.221343,35.082151],[-85.221267,35.082123],[-85.221191,35.082094],[-85.221115,35.082066],[-85.221034,35.082053],[-85.22095,35.082045],[-85.220867,35.082037],[-85.220784,35.082029],[-85.220701,35.082021],[-85.220618,35.082013],[-85.220535,35.082005],[-85.220451,35.081997],[-85.220368,35.081989],[-85.2203,35.08195],[-85.220231,35.08191],[-85.220162,35.081871],[-85.220094,35.081832],[-85.220025,35.081792],[-85.219957,35.081753],[-85.219888,35.081714],[-85.21982,35.081674],[-85.219751,35.081635],[-85.219682,35.081596],[-85.219614,35.081556],[-85.219545,35.081517],[-85.219477,35.081478],[-85.219408,35.081438],[-85.21934,35.081399],[-85.219271,35.08136],[-85.219203,35.08132],[-85.219134,35.081281],[-85.219065,35.081242],[-85.218997,35.081202],[-85.218928,35.081163],[-85.21886,35.081124],[-85.218791,35.081084],[-85.218723,35.081045],[-85.218654,35.081006],[-85.218585,35.080966],[-85.218517,35.080927],[-85.218511,35.080866],[-85.218524,35.080798],[-85.218537,35.08073],[-85.21855,35.080663],[-85.218563,35.080595],[-85.218602,35.080535],[-85.218645,35.080476],[-85.218688,35.080417],[-85.218731,35.080358],[-85.218774,35.0803],[-85.218817,35.080241],[-85.218771,35.080192],[-85.218711,35.080144],[-85.21865,35.080097],[-85.21859,35.080049],[-85.21853,35.080002],[-85.218469,35.079954],[-85.218409,35.079906],[-85.218349,35.079859],[-85.218289,35.079811],[-85.218228,35.079764],[-85.218265,35.079709],[-85.218314,35.079653],[-85.218362,35.079597],[-85.21841,35.079541],[-85.218458,35.079485],[-85.218507,35.079429],[-85.218555,35.079373],[-85.218603,35.079317],[-85.218652,35.079261],[-85.2187,35.079205],[-85.218748,35.079149],[-85.218796,35.079093],[-85.218845,35.079037],[-85.218893,35.078981],[-85.218941,35.078925],[-85.218989,35.078869],[-85.219038,35.078813],[-85.219086,35.078757],[-85.219134,35.0787],[-85.219182,35.078644],[-85.219231,35.078588],[-85.219279,35.078532],[-85.219327,35.078476],[-85.219375,35.07842],[-85.219419,35.078362],[-85.219457,35.078301],[-85.219495,35.07824],[-85.219533,35.078179],[-85.219571,35.078118],[-85.219609,35.078057],[-85.219647,35.077996],[-85.219685,35.077935],[-85.219723,35.077874],[-85.219761,35.077812],[-85.219799,35.077751],[-85.219837,35.07769],[-85.219875,35.077629],[-85.219912,35.077568],[-85.21995,35.077507],[-85.219988,35.077446],[-85.220026,35.077385],[-85.220062,35.077323],[-85.220095,35.07726],[-85.220127,35.077197],[-85.22016,35.077134],[-85.220193,35.077071],[-85.220226,35.077008],[-85.220259,35.076945],[-85.220291,35.076882],[-85.220324,35.076818],[-85.220357,35.076755],[-85.22039,35.076692],[-85.220423,35.076629],[-85.220456,35.076566],[-85.220488,35.076503],[-85.220521,35.07644],[-85.220545,35.076375],[-85.220558,35.076307],[-85.22057,35.07624],[-85.220583,35.076172],[-85.220595,35.076104],[-85.220608,35.076036],[-85.22062,35.075969],[-85.220633,35.075901],[-85.220645,35.075833],[-85.220682,35.075772],[-85.220721,35.075711],[-85.22076,35.075651],[-85.220799,35.07559],[-85.220838,35.075529],[-85.220845,35.075461],[-85.22085,35.075393],[-85.220855,35.075324],[-85.22086,35.075256],[-85.220865,35.075188],[-85.22087,35.075119],[-85.220875,35.075051],[-85.22088,35.074982],[-85.220907,35.074921],[-85.220958,35.074866],[-85.221008,35.074811],[-85.221058,35.074756],[-85.221119,35.07471],[-85.221186,35.074669],[-85.221253,35.074628],[-85.22132,35.074587],[-85.221387,35.074546],[-85.221454,35.074505],[-85.221521,35.074463],[-85.221588,35.074422],[-85.221655,35.074381],[-85.221733,35.074371],[-85.221817,35.074375],[-85.2219,35.07438],[-85.221984,35.074385],[-85.222067,35.074389],[-85.222151,35.074394],[-85.222234,35.074398],[-85.222318,35.074403],[-85.222401,35.074407],[-85.222485,35.074412],[-85.222568,35.074416],[-85.222652,35.074421],[-85.222736,35.074426],[-85.222819,35.07443],[-85.222903,35.074435],[-85.222986,35.074439],[-85.22307,35.074444],[-85.223153,35.074448],[-85.223237,35.074453],[-85.22332,35.074457],[-85.223404,35.074462],[-85.223488,35.074467],[-85.223571,35.074471],[-85.223655,35.074476],[-85.223738,35.07448],[-85.223822,35.074485],[-85.223905,35.074489],[-85.223989,35.074494],[-85.224072,35.074498],[-85.224156,35.074503],[-85.224239,35.074508],[-85.224323,35.074512],[-85.224407,35.074517],[-85.22449,35.074521],[-85.224574,35.074526],[-85.224651,35.0745],[-85.224728,35.074473],[-85.224806,35.074447],[-85.224883,35.074421],[-85.22496,35.074395],[-85.225038,35.074368],[-85.225115,35.074342],[-85.225192,35.074316],[-85.22527,35.07429],[-85.225347,35.074263],[-85.225425,35.074237],[-85.225502,35.074211],[-85.225579,35.074185],[-85.225657,35.074159],[-85.225734,35.074132],[-85.225811,35.074106],[-85.225889,35.07408],[-85.225966,35.074054],[-85.226043,35.074027],[-85.226121,35.074001],[-85.226198,35.073975],[-85.226275,35.073949],[-85.226353,35.073922],[-85.22643,35.073896],[-85.226508,35.07387],[-85.226585,35.073844],[-85.226662,35.073817],[-85.22674,35.073791],[-85.226817,35.073765],[-85.226894,35.073739],[-85.226969,35.073709],[-85.227033,35.073664],[-85.227096,35.07362],[-85.22716,35.073576],[-85.227224,35.073531],[-85.227288,35.073487],[-85.227352,35.073442],[-85.227405,35.073391],[-85.227447,35.073332],[-85.227489,35.073272],[-85.227531,35.073213],[-85.227573,35.073154],[-85.227615,35.073094],[-85.227657,35.073035],[-85.227699,35.072976],[-85.22774,35.072916],[-85.227782,35.072857],[-85.227824,35.072798],[-85.227864,35.072738],[-85.227896,35.072674],[-85.227928,35.072611],[-85.22796,35.072547],[-85.227992,35.072484],[-85.228023,35.072421],[-85.228055,35.072357],[-85.228087,35.072294],[-85.228119,35.072231],[-85.228151,35.072167],[-85.228146,35.0721],[-85.228132,35.072033],[-85.228118,35.071965],[-85.228105,35.071898],[-85.228089,35.071831],[-85.228059,35.071766],[-85.228029,35.071702],[-85.227999,35.071638],[-85.22797,35.071574],[-85.22794,35.07151],[-85.227896,35.071455],[-85.227829,35.071414],[-85.227762,35.071373],[-85.227695,35.071331],[-85.227628,35.07129],[-85.227561,35.071249],[-85.227494,35.071208],[-85.227417,35.071181],[-85.22734,35.071155],[-85.227263,35.071128],[-85.227186,35.071102],[-85.227108,35.071075],[-85.227031,35.071048],[-85.226954,35.071022],[-85.226877,35.070995],[-85.2268,35.070969],[-85.226722,35.070942],[-85.226645,35.070916],[-85.226568,35.070889],[-85.226491,35.070863],[-85.226414,35.070836],[-85.226336,35.07081],[-85.226259,35.070783],[-85.226182,35.070757],[-85.226105,35.07073],[-85.226028,35.070704],[-85.22595,35.070677],[-85.225873,35.070651],[-85.225796,35.070624],[-85.225716,35.070606],[-85.225633,35.070598],[-85.22555,35.070589],[-85.225467,35.070581],[-85.225384,35.070573],[-85.2253,35.070565],[-85.225217,35.070556],[-85.225134,35.070548],[-85.225051,35.07054],[-85.22498,35.070505],[-85.224909,35.070468],[-85.224839,35.070431],[-85.224768,35.070394],[-85.224698,35.070357],[-85.224627,35.07032],[-85.224557,35.070283],[-85.224486,35.07027],[-85.224414,35.070305],[-85.224342,35.07034],[-85.22427,35.070376],[-85.224199,35.070411],[-85.224127,35.070446],[-85.224055,35.070481],[-85.223983,35.070517],[-85.223901,35.070516],[-85.223818,35.07051],[-85.223735,35.070503],[-85.223651,35.070497],[-85.223568,35.07049],[-85.223485,35.070483],[-85.223401,35.070477],[-85.223318,35.07047],[-85.223235,35.070464],[-85.223151,35.070457],[-85.223068,35.070451],[-85.222985,35.070444],[-85.222901,35.070437],[-85.222819,35.070425],[-85.222739,35.070407],[-85.222658,35.070388],[-85.222578,35.070369],[-85.222497,35.07035],[-85.222417,35.070332],[-85.222336,35.070313],[-85.222255,35.070294],[-85.222175,35.070276],[-85.222094,35.070257],[-85.222014,35.070238],[-85.221933,35.070219],[-85.221853,35.070201],[-85.221772,35.070182],[-85.221692,35.070163],[-85.221611,35.070145],[-85.22153,35.070126],[-85.22145,35.070107],[-85.221369,35.070088],[-85.221289,35.07007],[-85.221208,35.070051],[-85.221128,35.070032],[-85.221047,35.070014],[-85.220967,35.069995],[-85.220886,35.069976],[-85.220806,35.069958],[-85.220725,35.069939],[-85.220644,35.06992],[-85.220564,35.069901],[-85.220483,35.069883],[-85.220403,35.069864],[-85.220322,35.069845],[-85.220242,35.069827],[-85.220161,35.069808],[-85.220081,35.069789],[-85.22,35.06977],[-85.219919,35.069752],[-85.219839,35.069733],[-85.219758,35.069714],[-85.219678,35.069696],[-85.219596,35.069682],[-85.219514,35.069669],[-85.219432,35.069655],[-85.219349,35.069642],[-85.219267,35.069628],[-85.219185,35.069615],[-85.219103,35.069601],[-85.219021,35.069588],[-85.218939,35.069574],[-85.218857,35.06956],[-85.218775,35.069547],[-85.218693,35.069533],[-85.218611,35.06952],[-85.218529,35.069506],[-85.218447,35.069493],[-85.218365,35.069479],[-85.218282,35.069466],[-85.2182,35.069452],[-85.218118,35.069439],[-85.218036,35.069425],[-85.217954,35.069412],[-85.217872,35.069398],[-85.21779,35.069385],[-85.217708,35.069371],[-85.217626,35.069358],[-85.217544,35.069344],[-85.217462,35.06933],[-85.21738,35.069317],[-85.217297,35.069303],[-85.217215,35.06929],[-85.217133,35.069276],[-85.217051,35.069263],[-85.216969,35.069249],[-85.216887,35.069236],[-85.216805,35.069222],[-85.216723,35.069209],[-85.21664,35.06921],[-85.216557,35.069217],[-85.216474,35.069225],[-85.21639,35.069232],[-85.216307,35.06924],[-85.216224,35.069247],[-85.216141,35.069254],[-85.216057,35.069262],[-85.215974,35.069269],[-85.215891,35.069277],[-85.215808,35.069284],[-85.215724,35.069291],[-85.215641,35.069299],[-85.215558,35.069306],[-85.215475,35.069314],[-85.215391,35.069321],[-85.215308,35.069329],[-85.215225,35.069336],[-85.215142,35.069343],[-85.215059,35.069351],[-85.214975,35.069358],[-85.214892,35.069366],[-85.214809,35.069373],[-85.214726,35.069381],[-85.214642,35.069388],[-85.214559,35.069395],[-85.214496,35.069433],[-85.214442,35.069486],[-85.214388,35.069538],[-85.214335,35.069591],[-85.214304,35.069564],[-85.214285,35.069498],[-85.214266,35.069431],[-85.214247,35.069364],[-85.214228,35.069297],[-85.214209,35.069231],[-85.21419,35.069164],[-85.214171,35.069097],[-85.214127,35.06904],[-85.214075,35.068987],[-85.214023,35.068933],[-85.213971,35.068879],[-85.213919,35.068825],[-85.213867,35.068771],[-85.213806,35.068725],[-85.213739,35.068685],[-85.213671,35.068645],[-85.213603,35.068604],[-85.213535,35.068564],[-85.213468,35.068524],[-85.2134,35.068484],[-85.213332,35.068443],[-85.213264,35.068403],[-85.213197,35.068363],[-85.213129,35.068323],[-85.213061,35.068282],[-85.212993,35.068242],[-85.212926,35.068202],[-85.212858,35.068162],[-85.21279,35.068121],[-85.212722,35.068081],[-85.212655,35.068041],[-85.212587,35.068001],[-85.212519,35.06796],[-85.212451,35.06792],[-85.212384,35.06788],[-85.212316,35.06784],[-85.212256,35.067793],[-85.212206,35.067738],[-85.212157,35.067682],[-85.212107,35.067627],[-85.212057,35.067572],[-85.212007,35.067517],[-85.211958,35.067462],[-85.211904,35.067412],[-85.211821,35.067404],[-85.211738,35.067396],[-85.211654,35.067388],[-85.211571,35.06738],[-85.211609,35.067368],[-85.21169,35.067353],[-85.211772,35.067339],[-85.211847,35.067322],[-85.211807,35.067262],[-85.211767,35.067201],[-85.211727,35.067141],[-85.211687,35.067081],[-85.211647,35.067021],[-85.211607,35.06696],[-85.211567,35.0669],[-85.211527,35.06684],[-85.211487,35.06678],[-85.211447,35.06672],[-85.211432,35.066653],[-85.21142,35.066585],[-85.211409,35.066517],[-85.211398,35.066449],[-85.211386,35.066381],[-85.211375,35.066313],[-85.211363,35.066245],[-85.211352,35.066178],[-85.211341,35.06611],[-85.211329,35.066042],[-85.211318,35.065974],[-85.211307,35.065906],[-85.211295,35.065838],[-85.211325,35.065779],[-85.211375,35.065724],[-85.211425,35.065669],[-85.211475,35.065614],[-85.21149,35.065549],[-85.211496,35.06548],[-85.211503,35.065412],[-85.211509,35.065344],[-85.211516,35.065275],[-85.211522,35.065207],[-85.211529,35.065139],[-85.211535,35.06507],[-85.211542,35.065002],[-85.211549,35.064934],[-85.211555,35.064865],[-85.211562,35.064797],[-85.211568,35.064729],[-85.211575,35.06466],[-85.211581,35.064592],[-85.211588,35.064524],[-85.211594,35.064455],[-85.211601,35.064387],[-85.211607,35.064319],[-85.211614,35.06425],[-85.21162,35.064182],[-85.211627,35.064114],[-85.211633,35.064046],[-85.21164,35.063977],[-85.211647,35.063909],[-85.211653,35.063841],[-85.21166,35.063772],[-85.211666,35.063704],[-85.211673,35.063636],[-85.211693,35.063573],[-85.211756,35.063527],[-85.211818,35.063482],[-85.211881,35.063436],[-85.211943,35.06339],[-85.212006,35.063345],[-85.212068,35.063299],[-85.212131,35.063254],[-85.212193,35.063208],[-85.212255,35.063162],[-85.212302,35.063107],[-85.212339,35.063045],[-85.212377,35.062984],[-85.212414,35.062923],[-85.212452,35.062862],[-85.212489,35.0628],[-85.212527,35.062739],[-85.212564,35.062678],[-85.212603,35.062617],[-85.212672,35.062578],[-85.21274,35.062539],[-85.212809,35.0625],[-85.212878,35.062461],[-85.212947,35.062422],[-85.213016,35.062383],[-85.213085,35.062344],[-85.213153,35.062305],[-85.213222,35.062266],[-85.213291,35.062227],[-85.21336,35.062188],[-85.213429,35.062149],[-85.213498,35.06211],[-85.213566,35.062071],[-85.213635,35.062032],[-85.213704,35.061993],[-85.213761,35.061944],[-85.213816,35.061892],[-85.213871,35.06184],[-85.213926,35.061788],[-85.213981,35.061736],[-85.214036,35.061685],[-85.214091,35.061633],[-85.214146,35.061581],[-85.2142,35.061529],[-85.214255,35.061478],[-85.21431,35.061426],[-85.214365,35.061374],[-85.21442,35.061322],[-85.214475,35.061271],[-85.21453,35.061219],[-85.214585,35.061167],[-85.214639,35.061115],[-85.214694,35.061064],[-85.214749,35.061012],[-85.214804,35.06096],[-85.214859,35.060908],[-85.214914,35.060857],[-85.214969,35.060805],[-85.215024,35.060753],[-85.215078,35.060701],[-85.215133,35.06065],[-85.215188,35.060598],[-85.215243,35.060546],[-85.215298,35.060494],[-85.215353,35.060443],[-85.215408,35.060391],[-85.215463,35.060339],[-85.215517,35.060287],[-85.215572,35.060236],[-85.215627,35.060184],[-85.215682,35.060132],[-85.215627,35.060097],[-85.215554,35.060064],[-85.21548,35.060032],[-85.215406,35.059999],[-85.215333,35.059966],[-85.215259,35.059934],[-85.215185,35.059901],[-85.215112,35.059869],[-85.215038,35.059836],[-85.214964,35.059804],[-85.214891,35.059771],[-85.214817,35.059739],[-85.214743,35.059706],[-85.21467,35.059673],[-85.214594,35.059646],[-85.214512,35.05963],[-85.214431,35.059613],[-85.21435,35.059597],[-85.214268,35.059581],[-85.214187,35.059565],[-85.214106,35.059549],[-85.214024,35.059533],[-85.21395,35.059504],[-85.213879,35.059467],[-85.213808,35.059431],[-85.213737,35.059394],[-85.213666,35.059357],[-85.213596,35.059321],[-85.213564,35.059259],[-85.213537,35.059194],[-85.213511,35.059129],[-85.213485,35.059064],[-85.213459,35.058999],[-85.213494,35.058937],[-85.213528,35.058874],[-85.213563,35.058812],[-85.213597,35.058749],[-85.213632,35.058687],[-85.213666,35.058625],[-85.213701,35.058562],[-85.213735,35.0585],[-85.21377,35.058437],[-85.213804,35.058375],[-85.213839,35.058312],[-85.213856,35.058252],[-85.213804,35.058198],[-85.213753,35.058143],[-85.213726,35.058087],[-85.213761,35.058025],[-85.213796,35.057962],[-85.21383,35.0579],[-85.213865,35.057838],[-85.2139,35.057776],[-85.213935,35.057713],[-85.21397,35.057651],[-85.214005,35.057589],[-85.214039,35.057526],[-85.214074,35.057464],[-85.214109,35.057402],[-85.214144,35.057339],[-85.214179,35.057277],[-85.214214,35.057215],[-85.214249,35.057152],[-85.214283,35.05709],[-85.214318,35.057028],[-85.214353,35.056966],[-85.214388,35.056903],[-85.214423,35.056841],[-85.214458,35.056779],[-85.214493,35.056716],[-85.214527,35.056654],[-85.214562,35.056592],[-85.214597,35.056529],[-85.214632,35.056467],[-85.214667,35.056405],[-85.214702,35.056342],[-85.214737,35.05628],[-85.214771,35.056218],[-85.214806,35.056156],[-85.214841,35.056093],[-85.214876,35.056031],[-85.214911,35.055969],[-85.214946,35.055906],[-85.214981,35.055844],[-85.215015,35.055782],[-85.21505,35.055719],[-85.215085,35.055657],[-85.21512,35.055595],[-85.215155,35.055532],[-85.21519,35.05547],[-85.215224,35.055408],[-85.215259,35.055346],[-85.215294,35.055283],[-85.215329,35.055221],[-85.215364,35.055159],[-85.215399,35.055096],[-85.215434,35.055034],[-85.215468,35.054972],[-85.215503,35.054909],[-85.215538,35.054847],[-85.215573,35.054785],[-85.215591,35.054718],[-85.215603,35.054651],[-85.215614,35.054583],[-85.215626,35.054515],[-85.215638,35.054447],[-85.215649,35.054379],[-85.215661,35.054311],[-85.215673,35.054243],[-85.215684,35.054176],[-85.215696,35.054108],[-85.215708,35.05404],[-85.215719,35.053972],[-85.215731,35.053904],[-85.215742,35.053836],[-85.215754,35.053768],[-85.215703,35.053715],[-85.215649,35.053663],[-85.215595,35.053611],[-85.215541,35.053558],[-85.215487,35.053506],[-85.215433,35.053453],[-85.215379,35.053401],[-85.215325,35.053348],[-85.215271,35.053296],[-85.215218,35.053243],[-85.215164,35.053191],[-85.21511,35.053139],[-85.215056,35.053086],[-85.215002,35.053034],[-85.214948,35.052981],[-85.214894,35.052929],[-85.21484,35.052876],[-85.214786,35.052824],[-85.214733,35.052772],[-85.214679,35.052719],[-85.214625,35.052667],[-85.214592,35.052604],[-85.214563,35.05254],[-85.214533,35.052476],[-85.214504,35.052412],[-85.214474,35.052347],[-85.214445,35.052283],[-85.214416,35.052219],[-85.214386,35.052155],[-85.214357,35.052091],[-85.214327,35.052027],[-85.214298,35.051962],[-85.214269,35.051898],[-85.214239,35.051834],[-85.21421,35.05177],[-85.21418,35.051706],[-85.214151,35.051642],[-85.214122,35.051577],[-85.214076,35.051526],[-85.213999,35.051499],[-85.213922,35.051473],[-85.213845,35.051446],[-85.213768,35.051419],[-85.21369,35.051393],[-85.213613,35.051366],[-85.213536,35.051339],[-85.213459,35.051313],[-85.213382,35.051286],[-85.213305,35.05126],[-85.213228,35.051233],[-85.213151,35.051206],[-85.213083,35.051166],[-85.213018,35.051123],[-85.212952,35.051081],[-85.212887,35.051038],[-85.212822,35.050995],[-85.212756,35.050952],[-85.212719,35.050906],[-85.212764,35.050848],[-85.21281,35.05079],[-85.212855,35.050733],[-85.2129,35.050675],[-85.212945,35.050617],[-85.212991,35.05056],[-85.213036,35.050502],[-85.213081,35.050445],[-85.213126,35.050387],[-85.213172,35.050329],[-85.213217,35.050272],[-85.213262,35.050214],[-85.213303,35.050154],[-85.213337,35.050092],[-85.213371,35.050029],[-85.213406,35.049967],[-85.21344,35.049904],[-85.213474,35.049842],[-85.213509,35.049779],[-85.213543,35.049717],[-85.213577,35.049654],[-85.213612,35.049592],[-85.213646,35.049529],[-85.21368,35.049467],[-85.213715,35.049404],[-85.213749,35.049342],[-85.213783,35.049279],[-85.213818,35.049217],[-85.213852,35.049154],[-85.213886,35.049092],[-85.213921,35.049029],[-85.213955,35.048967],[-85.21399,35.048904],[-85.214024,35.048842],[-85.214058,35.048779],[-85.214093,35.048717],[-85.214127,35.048654],[-85.214161,35.048592],[-85.214196,35.048529],[-85.21423,35.048467],[-85.214264,35.048404],[-85.214299,35.048342],[-85.214333,35.048279],[-85.214367,35.048217],[-85.214402,35.048154],[-85.214436,35.048092],[-85.21447,35.048029],[-85.214505,35.047967],[-85.214539,35.047904],[-85.214573,35.047842],[-85.214608,35.047779],[-85.214642,35.047717],[-85.214677,35.047654],[-85.214711,35.047592],[-85.214745,35.047529],[-85.21478,35.047467],[-85.214814,35.047404],[-85.214848,35.047342],[-85.214883,35.047279],[-85.214917,35.047217],[-85.214951,35.047154],[-85.214986,35.047092],[-85.21502,35.047029],[-85.215054,35.046967],[-85.215089,35.046904],[-85.215123,35.046842],[-85.215157,35.046779],[-85.215192,35.046717],[-85.215228,35.046655],[-85.215272,35.046597],[-85.215315,35.046538],[-85.215358,35.04648],[-85.215402,35.046421],[-85.215445,35.046362],[-85.215488,35.046304],[-85.215532,35.046245],[-85.215575,35.046186],[-85.215619,35.046128],[-85.215662,35.046069],[-85.215705,35.046011],[-85.215749,35.045952],[-85.215792,35.045893],[-85.215835,35.045835],[-85.215879,35.045776],[-85.215922,35.045718],[-85.215965,35.045659],[-85.216009,35.0456],[-85.216052,35.045542],[-85.216096,35.045483],[-85.216139,35.045424],[-85.216196,35.045374],[-85.216253,35.045324],[-85.21631,35.045274],[-85.216368,35.045224],[-85.216425,35.045175],[-85.216482,35.045125],[-85.21654,35.045075],[-85.216597,35.045025],[-85.216655,35.044975],[-85.216712,35.044925],[-85.216769,35.044875],[-85.216827,35.044825],[-85.216884,35.044775],[-85.216941,35.044725],[-85.216999,35.044676],[-85.217056,35.044626],[-85.217114,35.044576],[-85.217171,35.044526],[-85.217228,35.044476],[-85.217286,35.044426],[-85.217343,35.044376],[-85.2174,35.044326],[-85.217458,35.044276],[-85.217515,35.044227],[-85.217586,35.04419],[-85.217657,35.044154],[-85.217728,35.044117],[-85.217798,35.04408],[-85.217869,35.044044],[-85.21794,35.044007],[-85.218011,35.043971],[-85.218081,35.043934],[-85.218152,35.043897],[-85.218223,35.043861],[-85.218294,35.043824],[-85.218365,35.043788],[-85.218435,35.043751],[-85.218506,35.043714],[-85.218577,35.043678],[-85.218648,35.043641],[-85.218718,35.043605],[-85.218789,35.043568],[-85.21886,35.043531],[-85.218931,35.043495],[-85.219001,35.043458],[-85.219072,35.043422],[-85.219143,35.043385],[-85.219214,35.043348],[-85.219285,35.043312],[-85.219355,35.043275],[-85.219426,35.043239],[-85.219497,35.043202],[-85.219544,35.043161],[-85.219503,35.043101],[-85.219462,35.043041],[-85.219421,35.042981],[-85.21938,35.042922],[-85.219339,35.042862],[-85.219298,35.042802],[-85.219256,35.042742],[-85.219215,35.042683],[-85.219174,35.042623],[-85.21911,35.042581],[-85.219039,35.042544],[-85.218969,35.042507],[-85.218899,35.04247],[-85.21883,35.042475],[-85.218763,35.042516],[-85.218696,35.042557],[-85.218702,35.042625],[-85.21871,35.042693],[-85.218718,35.042761],[-85.218726,35.042829],[-85.218734,35.042898],[-85.218742,35.042966],[-85.21875,35.043034],[-85.218758,35.043102],[-85.218724,35.043165],[-85.21869,35.043227],[-85.218655,35.043289],[-85.218589,35.04333],[-85.21852,35.043368],[-85.21845,35.043407],[-85.218381,35.043445],[-85.218311,35.043483],[-85.218242,35.043521],[-85.218172,35.043559],[-85.218103,35.043597],[-85.218033,35.043636],[-85.217964,35.043674],[-85.217894,35.043712],[-85.217825,35.04375],[-85.217755,35.043788],[-85.217686,35.043826],[-85.217616,35.043865],[-85.217547,35.043903],[-85.217477,35.043941],[-85.217408,35.043979],[-85.217338,35.044017],[-85.217269,35.044055],[-85.217199,35.044094],[-85.21713,35.044132],[-85.21706,35.04417],[-85.216991,35.044208],[-85.216921,35.044246],[-85.216852,35.044284],[-85.216778,35.044279],[-85.216701,35.044251],[-85.216625,35.044223],[-85.216549,35.044195],[-85.216472,35.044167],[-85.216396,35.044139],[-85.21632,35.04411],[-85.216243,35.044082],[-85.216167,35.044054],[-85.216091,35.044026],[-85.216014,35.043998],[-85.215938,35.04397],[-85.215862,35.043942],[-85.215785,35.043913],[-85.215709,35.043885],[-85.215633,35.043857],[-85.215556,35.043829],[-85.21548,35.043801],[-85.215404,35.043773],[-85.215327,35.043745],[-85.215251,35.043716],[-85.215175,35.043688],[-85.215099,35.04366],[-85.215022,35.043632],[-85.214946,35.043604],[-85.21487,35.043576],[-85.214793,35.043548],[-85.214717,35.043519],[-85.214641,35.043491],[-85.214564,35.043463],[-85.214488,35.043435],[-85.214412,35.043407],[-85.214335,35.043379],[-85.214259,35.043351],[-85.214183,35.043322],[-85.214106,35.043294],[-85.21403,35.043266],[-85.213954,35.043238],[-85.213877,35.04321],[-85.213801,35.043182],[-85.213725,35.043154],[-85.213648,35.043126],[-85.213572,35.043097],[-85.213496,35.043069],[-85.213419,35.043041],[-85.213343,35.043013],[-85.213267,35.042985],[-85.213191,35.042957],[-85.213114,35.042929],[-85.213038,35.0429],[-85.212962,35.042872],[-85.212885,35.042844],[-85.212809,35.042816],[-85.212733,35.042788],[-85.212656,35.04276],[-85.21258,35.042732],[-85.212504,35.042703],[-85.212427,35.042675],[-85.212351,35.042647],[-85.212275,35.042619],[-85.212198,35.042591],[-85.212122,35.042563],[-85.212046,35.042535],[-85.211969,35.042506],[-85.211893,35.042478],[-85.211817,35.04245],[-85.21174,35.042422],[-85.211664,35.042394],[-85.211588,35.042366],[-85.211512,35.042338],[-85.211435,35.042309],[-85.211359,35.042281],[-85.211283,35.042253],[-85.211206,35.042225],[-85.21113,35.042197],[-85.211054,35.042169],[-85.210977,35.042141],[-85.210901,35.042112],[-85.210825,35.042084],[-85.210758,35.042046],[-85.210708,35.041992],[-85.210657,35.041937],[-85.210645,35.041871],[-85.210642,35.041802],[-85.210639,35.041734],[-85.210637,35.041665],[-85.210634,35.041597],[-85.210631,35.041529],[-85.210628,35.04146],[-85.210625,35.041392],[-85.210622,35.041323],[-85.210619,35.041255],[-85.210616,35.041186],[-85.210613,35.041118],[-85.21061,35.041049],[-85.210607,35.040981],[-85.210605,35.040912],[-85.210602,35.040844],[-85.210599,35.040775],[-85.210596,35.040707],[-85.210593,35.040638],[-85.21059,35.04057],[-85.210587,35.040501],[-85.210584,35.040433],[-85.210581,35.040364],[-85.210578,35.040296],[-85.210575,35.040227],[-85.210573,35.040159],[-85.21057,35.04009],[-85.210567,35.040022],[-85.210564,35.039953],[-85.21057,35.039886],[-85.210596,35.039821],[-85.210622,35.039756],[-85.210649,35.039691],[-85.210675,35.039626],[-85.210701,35.039561],[-85.210727,35.039496],[-85.210754,35.03943],[-85.21078,35.039365],[-85.210806,35.0393],[-85.210833,35.039235],[-85.210859,35.03917],[-85.210885,35.039105],[-85.210912,35.03904],[-85.210938,35.038975],[-85.210964,35.03891],[-85.21099,35.038845],[-85.211017,35.03878],[-85.211043,35.038715],[-85.211069,35.03865],[-85.211096,35.038585],[-85.211122,35.03852],[-85.211148,35.038455],[-85.211174,35.03839],[-85.211201,35.038324],[-85.211227,35.038259],[-85.211253,35.038194],[-85.21128,35.038129],[-85.211306,35.038064],[-85.211332,35.037999],[-85.211358,35.037934],[-85.211385,35.037869],[-85.211411,35.037804],[-85.211437,35.037739],[-85.211464,35.037674],[-85.21149,35.037609],[-85.211516,35.037544],[-85.211543,35.037479],[-85.211569,35.037414],[-85.211595,35.037349],[-85.211621,35.037283],[-85.211648,35.037218],[-85.211674,35.037153],[-85.2117,35.037088],[-85.211727,35.037023],[-85.211753,35.036958],[-85.211779,35.036893],[-85.211805,35.036828],[-85.211832,35.036763],[-85.211858,35.036698],[-85.211884,35.036633],[-85.211911,35.036568],[-85.211937,35.036503],[-85.211963,35.036438],[-85.211989,35.036373],[-85.212016,35.036308],[-85.212042,35.036243],[-85.212068,35.036177],[-85.212095,35.036112],[-85.212121,35.036047],[-85.212147,35.035982],[-85.212174,35.035917],[-85.2122,35.035852],[-85.212226,35.035787],[-85.212252,35.035722],[-85.212279,35.035657],[-85.212305,35.035592],[-85.212331,35.035527],[-85.212358,35.035462],[-85.212384,35.035397],[-85.21241,35.035332],[-85.212436,35.035267],[-85.212463,35.035202],[-85.212489,35.035137],[-85.212515,35.035071],[-85.212542,35.035006],[-85.212568,35.034941],[-85.212594,35.034876],[-85.21262,35.034811],[-85.212647,35.034746],[-85.212673,35.034681],[-85.212699,35.034616],[-85.212726,35.034551],[-85.212752,35.034486],[-85.212778,35.034421],[-85.212804,35.034356],[-85.212831,35.034291],[-85.212857,35.034226],[-85.212883,35.034161],[-85.21291,35.034096],[-85.212936,35.034031],[-85.212962,35.033965],[-85.212989,35.0339],[-85.213015,35.033835],[-85.213041,35.03377],[-85.213067,35.033705],[-85.213094,35.03364],[-85.21312,35.033575],[-85.213146,35.03351],[-85.213173,35.033445],[-85.213199,35.03338],[-85.213225,35.033315],[-85.213251,35.03325],[-85.213278,35.033185],[-85.213304,35.03312],[-85.21333,35.033055],[-85.213357,35.03299],[-85.213383,35.032925],[-85.213409,35.032859],[-85.213435,35.032794],[-85.21346,35.032729],[-85.21347,35.032661],[-85.21348,35.032593],[-85.21349,35.032525],[-85.2135,35.032457],[-85.21351,35.032389],[-85.213521,35.032321],[-85.213531,35.032253],[-85.213541,35.032185],[-85.213551,35.032117],[-85.213561,35.032049],[-85.213566,35.03198],[-85.213566,35.031912],[-85.213567,35.031843],[-85.213567,35.031775],[-85.213567,35.031706],[-85.213568,35.031638],[-85.213568,35.031569],[-85.213568,35.031501],[-85.213569,35.031432],[-85.213569,35.031364],[-85.213569,35.031295],[-85.21357,35.031227],[-85.21357,35.031158],[-85.21357,35.03109],[-85.213571,35.031021],[-85.213571,35.030953],[-85.213572,35.030884],[-85.213572,35.030815],[-85.213572,35.030747],[-85.213573,35.030678],[-85.213573,35.03061],[-85.213573,35.030541],[-85.213574,35.030473],[-85.213574,35.030404],[-85.213574,35.030336],[-85.213575,35.030267],[-85.213575,35.030199],[-85.213575,35.03013],[-85.213576,35.030062],[-85.213576,35.029993],[-85.213576,35.029925],[-85.213577,35.029856],[-85.213577,35.029788],[-85.213577,35.029719],[-85.213578,35.02965],[-85.213578,35.029582],[-85.213578,35.029513],[-85.213579,35.029445],[-85.213579,35.029376],[-85.213579,35.029308],[-85.21358,35.029239],[-85.21358,35.029171],[-85.21358,35.029102],[-85.213581,35.029034],[-85.213581,35.028965],[-85.213582,35.028897],[-85.213582,35.028828],[-85.213582,35.02876],[-85.213583,35.028691],[-85.213583,35.028623],[-85.213583,35.028554],[-85.213584,35.028486],[-85.213584,35.028417],[-85.213584,35.028348],[-85.213585,35.02828],[-85.213585,35.028211],[-85.213585,35.028143],[-85.213586,35.028074],[-85.213586,35.028006],[-85.213586,35.027937],[-85.213587,35.027869],[-85.213587,35.0278],[-85.213587,35.027763],[-85.213586,35.027831],[-85.213585,35.0279],[-85.213584,35.027968],[-85.213583,35.028037],[-85.213582,35.028105],[-85.213581,35.028174],[-85.21358,35.028243],[-85.213579,35.028311],[-85.213578,35.02838],[-85.213577,35.028448],[-85.213576,35.028517],[-85.213575,35.028585],[-85.213574,35.028654],[-85.213573,35.028722],[-85.213572,35.028791],[-85.213571,35.028859],[-85.21357,35.028928],[-85.213569,35.028996],[-85.213568,35.029065],[-85.213567,35.029133],[-85.213566,35.029202],[-85.213565,35.02927],[-85.213565,35.029339],[-85.213564,35.029407],[-85.213563,35.029476],[-85.213562,35.029544],[-85.213561,35.029613],[-85.21356,35.029682],[-85.213559,35.02975],[-85.213558,35.029819],[-85.213557,35.029887],[-85.213556,35.029956],[-85.213555,35.030024],[-85.213554,35.030093],[-85.213553,35.030161],[-85.213552,35.03023],[-85.213551,35.030298],[-85.21355,35.030367],[-85.213549,35.030435],[-85.213548,35.030504],[-85.213547,35.030572],[-85.213546,35.030641],[-85.213545,35.030709],[-85.213544,35.030778],[-85.213543,35.030846],[-85.213542,35.030915],[-85.213541,35.030983],[-85.21354,35.031052],[-85.213539,35.031121],[-85.213538,35.031189],[-85.213537,35.031258],[-85.213536,35.031326],[-85.213535,35.031395],[-85.213534,35.031463],[-85.213533,35.031532],[-85.213532,35.0316],[-85.213531,35.031669],[-85.21353,35.031737],[-85.213529,35.031806],[-85.213528,35.031874],[-85.213527,35.031943],[-85.213526,35.032011],[-85.213525,35.03208],[-85.213524,35.032148],[-85.213523,35.032217],[-85.21353,35.032206],[-85.213543,35.032138],[-85.213556,35.03207],[-85.213566,35.032002],[-85.213566,35.031934],[-85.213567,35.031865],[-85.213567,35.031797],[-85.213568,35.031728],[-85.213568,35.03166],[-85.213568,35.031591],[-85.213569,35.031523],[-85.213569,35.031454],[-85.21357,35.031386],[-85.21357,35.031317],[-85.21357,35.031249],[-85.213571,35.03118],[-85.213571,35.031112],[-85.213572,35.031043],[-85.213572,35.030975],[-85.213572,35.030906],[-85.213573,35.030837],[-85.213573,35.030769],[-85.213574,35.0307],[-85.213574,35.030632],[-85.213575,35.030563],[-85.213575,35.030495],[-85.213575,35.030426],[-85.213576,35.030358],[-85.213576,35.030289],[-85.213577,35.030221],[-85.213577,35.030152],[-85.213577,35.030084],[-85.213578,35.030015],[-85.213578,35.029947],[-85.213579,35.029878],[-85.213579,35.02981],[-85.213579,35.029741],[-85.21358,35.029673],[-85.21358,35.029604],[-85.213581,35.029535],[-85.213581,35.029467],[-85.213582,35.029398],[-85.213582,35.02933],[-85.213582,35.029261],[-85.213583,35.029193],[-85.213583,35.029124],[-85.213584,35.029056],[-85.213584,35.028987],[-85.213584,35.028919],[-85.213585,35.02885],[-85.213585,35.028782],[-85.213586,35.028713],[-85.213586,35.028645],[-85.213586,35.028576],[-85.213587,35.028508],[-85.213587,35.028439],[-85.213588,35.02837],[-85.213588,35.028302],[-85.213589,35.028233],[-85.213589,35.028165],[-85.213589,35.028096],[-85.21359,35.028028],[-85.21359,35.027959],[-85.213591,35.027891],[-85.213591,35.027822],[-85.213591,35.027754],[-85.213592,35.027685],[-85.213592,35.027617],[-85.213593,35.027548],[-85.213593,35.02748],[-85.213593,35.027411],[-85.213594,35.027343],[-85.213594,35.027274],[-85.213595,35.027206],[-85.213595,35.027137],[-85.213595,35.027068],[-85.213596,35.027],[-85.213596,35.026931],[-85.213597,35.026863],[-85.213597,35.026794],[-85.213598,35.026726],[-85.213598,35.026657],[-85.213598,35.026589],[-85.213599,35.02652],[-85.213599,35.026452],[-85.2136,35.026383],[-85.2136,35.026315],[-85.2136,35.026246],[-85.213601,35.026178],[-85.213601,35.026109],[-85.213602,35.026041],[-85.213602,35.025972],[-85.213602,35.025903],[-85.213603,35.025835],[-85.213603,35.025766],[-85.213604,35.025698],[-85.213604,35.025629],[-85.213605,35.025561],[-85.213605,35.025492],[-85.213605,35.025424],[-85.213606,35.025355],[-85.213606,35.025287],[-85.213607,35.025218],[-85.213607,35.02515],[-85.213607,35.025081],[-85.213608,35.025013],[-85.213608,35.024944],[-85.213609,35.024876],[-85.213609,35.024807],[-85.213609,35.024739],[-85.21361,35.02467],[-85.21361,35.024601],[-85.213611,35.024533],[-85.213611,35.024464],[-85.213612,35.024396],[-85.213612,35.024327],[-85.213612,35.024259],[-85.213613,35.02419],[-85.213613,35.024122],[-85.213614,35.024053],[-85.213614,35.023985],[-85.213614,35.023916],[-85.213615,35.023848],[-85.213615,35.023779],[-85.213616,35.023711],[-85.213616,35.023642],[-85.213616,35.023574],[-85.213617,35.023505],[-85.213617,35.023437],[-85.213618,35.023368],[-85.213618,35.023299],[-85.213619,35.023231],[-85.213619,35.023162],[-85.213619,35.023094],[-85.21362,35.023025],[-85.21362,35.022957],[-85.213621,35.022888],[-85.213621,35.02282],[-85.213621,35.022751],[-85.213622,35.022683],[-85.213622,35.022614],[-85.213623,35.022546],[-85.213623,35.022477],[-85.213623,35.022409],[-85.213624,35.02234],[-85.213624,35.022272],[-85.213625,35.022203],[-85.213625,35.022134],[-85.213625,35.022066],[-85.213626,35.021997],[-85.213626,35.021929],[-85.213627,35.02186],[-85.213627,35.021792],[-85.213628,35.021723],[-85.213628,35.021655],[-85.213628,35.021586],[-85.213629,35.021518],[-85.213629,35.021449],[-85.21363,35.021381],[-85.21363,35.021312],[-85.21362,35.021245],[-85.213602,35.021178],[-85.213584,35.021111],[-85.213565,35.021044],[-85.213547,35.020977],[-85.213529,35.02091],[-85.213511,35.020843],[-85.213492,35.020776],[-85.213474,35.02071],[-85.213456,35.020643],[-85.213438,35.020576],[-85.213419,35.020509],[-85.213401,35.020442],[-85.213383,35.020375],[-85.213365,35.020308],[-85.213346,35.020241],[-85.213328,35.020175],[-85.21331,35.020108],[-85.213291,35.020041],[-85.213273,35.019974],[-85.213255,35.019907],[-85.213237,35.01984],[-85.213218,35.019773],[-85.2132,35.019706],[-85.213182,35.01964],[-85.213164,35.019573],[-85.213145,35.019506],[-85.213127,35.019439],[-85.213109,35.019372],[-85.213091,35.019305],[-85.213072,35.019238],[-85.213054,35.019171],[-85.213036,35.019104],[-85.213018,35.019038],[-85.212999,35.018971],[-85.212981,35.018904],[-85.212963,35.018837],[-85.212944,35.01877],[-85.212926,35.018703],[-85.212908,35.018636],[-85.21289,35.018569],[-85.212871,35.018503],[-85.212853,35.018436],[-85.212835,35.018369],[-85.212817,35.018302],[-85.212798,35.018235],[-85.21278,35.018168],[-85.212762,35.018101],[-85.212744,35.018034],[-85.212725,35.017968],[-85.212707,35.017901],[-85.212689,35.017834],[-85.21267,35.017767],[-85.212652,35.0177],[-85.212634,35.017633],[-85.212616,35.017566],[-85.212597,35.017499],[-85.212579,35.017433],[-85.212561,35.017366],[-85.212543,35.017299],[-85.212524,35.017232],[-85.212506,35.017165],[-85.212488,35.017098],[-85.21247,35.017031],[-85.212451,35.016964],[-85.212433,35.016898],[-85.212415,35.016831],[-85.212396,35.016764],[-85.212378,35.016697],[-85.21236,35.01663],[-85.212342,35.016563],[-85.212323,35.016496],[-85.212305,35.016429],[-85.212287,35.016363],[-85.212269,35.016296],[-85.21225,35.016229],[-85.212232,35.016162],[-85.212214,35.016095],[-85.212196,35.016028],[-85.212177,35.015961],[-85.21214,35.015901],[-85.212094,35.015844],[-85.212047,35.015787],[-85.212,35.01573],[-85.211954,35.015673],[-85.211907,35.015616],[-85.211861,35.01556],[-85.211814,35.015503],[-85.211767,35.015446],[-85.211721,35.015389],[-85.211674,35.015332],[-85.211628,35.015275],[-85.211581,35.015218],[-85.211534,35.015161],[-85.211488,35.015104],[-85.211441,35.015047],[-85.211395,35.01499],[-85.211348,35.014934],[-85.211301,35.014877],[-85.211255,35.01482],[-85.211208,35.014763],[-85.211162,35.014706],[-85.211115,35.014649],[-85.211068,35.014592],[-85.211022,35.014535],[-85.21098,35.014476],[-85.210948,35.014413],[-85.210916,35.01435],[-85.210884,35.014286],[-85.210941,35.014236],[-85.210998,35.014186],[-85.211055,35.014136],[-85.211112,35.014086],[-85.211156,35.014036],[-85.211092,35.013992],[-85.211028,35.013947],[-85.210965,35.013903],[-85.210901,35.013858],[-85.210837,35.013814],[-85.210773,35.01377],[-85.210707,35.013756],[-85.210636,35.013792],[-85.210565,35.013828],[-85.210494,35.013864],[-85.210423,35.013901],[-85.210357,35.013892],[-85.210296,35.013846],[-85.210235,35.013799],[-85.210174,35.013752],[-85.210113,35.013705],[-85.210052,35.013658],[-85.209991,35.013611],[-85.20993,35.013564],[-85.209869,35.013517],[-85.209808,35.01347],[-85.209747,35.013423],[-85.209686,35.013377],[-85.209625,35.01333],[-85.209564,35.013283],[-85.209503,35.013236],[-85.209442,35.013189],[-85.209381,35.013142],[-85.209316,35.0131],[-85.209242,35.013068],[-85.209168,35.013037],[-85.209093,35.013006],[-85.209019,35.012974],[-85.208944,35.012943],[-85.20887,35.012912],[-85.208796,35.01288],[-85.208721,35.012849],[-85.208647,35.012817],[-85.208567,35.012798],[-85.208486,35.012782],[-85.208404,35.012766],[-85.208323,35.01275],[-85.208241,35.012735],[-85.20816,35.012719],[-85.208079,35.012703],[-85.207997,35.012687],[-85.207916,35.012671],[-85.207834,35.012655],[-85.207753,35.012639],[-85.207672,35.012623],[-85.20759,35.012608],[-85.207509,35.012592],[-85.207427,35.012576],[-85.207346,35.01256],[-85.207265,35.012544],[-85.207183,35.012528],[-85.207102,35.012512],[-85.207021,35.012496],[-85.206939,35.012481],[-85.206858,35.012465],[-85.206776,35.012449],[-85.206695,35.012433],[-85.206614,35.012417],[-85.206532,35.012401],[-85.206451,35.012385],[-85.206369,35.01237],[-85.206288,35.012354],[-85.206207,35.012338],[-85.206125,35.012322],[-85.206044,35.012306],[-85.205962,35.01229],[-85.205881,35.012274],[-85.2058,35.012258],[-85.205718,35.012243],[-85.205637,35.012227],[-85.205555,35.012211],[-85.205474,35.012195],[-85.205393,35.012179],[-85.205311,35.012163],[-85.20523,35.012147],[-85.205148,35.012131],[-85.205067,35.012116],[-85.204986,35.0121],[-85.204904,35.012084],[-85.204823,35.012068],[-85.204741,35.012052],[-85.20466,35.012036],[-85.204579,35.01202],[-85.204497,35.012004],[-85.204416,35.011989],[-85.204334,35.011973],[-85.204253,35.011957],[-85.204172,35.011941],[-85.204094,35.011918],[-85.204021,35.011884],[-85.203948,35.01185],[-85.203875,35.011817],[-85.203802,35.011783],[-85.203753,35.01173],[-85.203714,35.01167],[-85.203675,35.011609],[-85.203636,35.011549],[-85.203597,35.011488],[-85.203558,35.011428],[-85.203518,35.011367],[-85.203479,35.011307],[-85.20344,35.011246],[-85.203401,35.011185],[-85.203387,35.011118],[-85.203377,35.01105],[-85.203367,35.010982],[-85.203357,35.010914],[-85.203347,35.010846],[-85.203337,35.010778],[-85.203327,35.01071],[-85.203317,35.010642],[-85.203307,35.010574],[-85.203298,35.010506],[-85.203288,35.010438],[-85.203278,35.01037],[-85.203268,35.010302],[-85.203258,35.010234],[-85.203248,35.010166],[-85.203238,35.010098],[-85.203228,35.01003],[-85.203219,35.009962],[-85.203209,35.009894],[-85.203199,35.009826],[-85.203189,35.009758],[-85.203179,35.009689],[-85.203169,35.009621],[-85.203159,35.009553],[-85.203149,35.009485],[-85.20314,35.009417],[-85.20313,35.009349],[-85.20312,35.009281],[-85.20311,35.009213],[-85.2031,35.009145],[-85.20309,35.009077],[-85.20308,35.009009],[-85.20307,35.008941],[-85.20306,35.008873],[-85.203051,35.008805],[-85.203041,35.008737],[-85.203031,35.008669],[-85.203021,35.008601],[-85.203011,35.008533],[-85.203001,35.008465],[-85.202991,35.008397],[-85.202981,35.008328],[-85.202972,35.00826],[-85.202962,35.008192],[-85.202952,35.008124],[-85.202942,35.008056],[-85.202932,35.007988],[-85.202917,35.007925],[-85.202834,35.00793],[-85.20275,35.007935],[-85.202667,35.00794],[-85.202584,35.007945],[-85.2025,35.007949],[-85.202417,35.007954],[-85.202333,35.007959],[-85.202297,35.007904],[-85.202269,35.00784],[-85.20224,35.007775],[-85.202211,35.007711],[-85.202183,35.007646],[-85.202154,35.007582],[-85.202126,35.007518],[-85.202097,35.007453],[-85.202069,35.007389],[-85.202068,35.007321],[-85.202071,35.007252],[-85.202075,35.007184],[-85.202079,35.007116],[-85.202082,35.007047],[-85.202086,35.006979],[-85.202047,35.006918],[-85.202007,35.006858],[-85.201966,35.006798],[-85.201926,35.006738],[-85.201885,35.006679],[-85.201844,35.006619],[-85.201804,35.006559],[-85.201763,35.006499],[-85.201723,35.006439],[-85.201682,35.006379],[-85.201642,35.006319],[-85.201601,35.006259],[-85.201561,35.006199],[-85.20152,35.006139],[-85.20148,35.006079],[-85.201439,35.006019],[-85.201398,35.005959],[-85.201358,35.005899],[-85.201317,35.005839],[-85.201277,35.005779],[-85.201236,35.005719],[-85.201195,35.00566],[-85.20115,35.005602],[-85.201105,35.005544],[-85.20106,35.005487],[-85.201015,35.005429],[-85.20097,35.005371],[-85.200925,35.005313],[-85.200861,35.005276],[-85.200781,35.005254],[-85.200702,35.005233],[-85.200622,35.005211],[-85.200543,35.005189],[-85.200464,35.005168],[-85.200384,35.005146],[-85.200305,35.005124],[-85.200226,35.005103],[-85.200159,35.005064],[-85.2001,35.005015],[-85.200041,35.004967],[-85.200011,35.004911],[-85.200029,35.004844],[-85.200046,35.004777],[-85.200063,35.00471],[-85.200081,35.004643],[-85.200098,35.004576],[-85.200115,35.004509],[-85.200133,35.004442],[-85.20015,35.004375],[-85.200096,35.004341],[-85.200017,35.004321],[-85.199937,35.0043],[-85.199857,35.004279],[-85.199778,35.004258],[-85.199698,35.004237],[-85.199618,35.004216],[-85.199663,35.004158],[-85.199708,35.004101],[-85.199753,35.004043],[-85.199798,35.003985],[-85.199843,35.003927],[-85.199888,35.003869],[-85.199919,35.003829]]}},{"type":"Feature","properties":{"id":"cherokeeloop","name":"Cherokee Loop","slug":"cherokee-loop"},"geometry":{"type":"LineString","coordinates":[[-85.305834,35.060177],[-85.305795,35.060238],[-85.305756,35.060298],[-85.305717,35.060359],[-85.305677,35.06042],[-85.305638,35.06048],[-85.305599,35.060541],[-85.30556,35.060601],[-85.305521,35.060662],[-85.305482,35.060723],[-85.305443,35.060783],[-85.305404,35.060844],[-85.305365,35.060904],[-85.305326,35.060965],[-85.305286,35.061026],[-85.305247,35.061086],[-85.305208,35.061147],[-85.305169,35.061207],[-85.30513,35.061268],[-85.305091,35.061329],[-85.305052,35.061389],[-85.305013,35.06145],[-85.304974,35.06151],[-85.304935,35.061571],[-85.304896,35.061632],[-85.304856,35.061692],[-85.304841,35.061746],[-85.304916,35.061776],[-85.304991,35.061806],[-85.305067,35.061836],[-85.305142,35.061866],[-85.305217,35.061896],[-85.305293,35.061926],[-85.305368,35.061956],[-85.305443,35.061985],[-85.305519,35.062015],[-85.305594,35.062045],[-85.305669,35.062075],[-85.305745,35.062105],[-85.30582,35.062135],[-85.305896,35.062165],[-85.305971,35.062195],[-85.306046,35.062224],[-85.306122,35.062254],[-85.306197,35.062284],[-85.306279,35.062298],[-85.306361,35.062312],[-85.306443,35.062326],[-85.306525,35.06234],[-85.306607,35.062353],[-85.306689,35.062367],[-85.306771,35.062381],[-85.306853,35.062395],[-85.306935,35.062408],[-85.307017,35.062422],[-85.307099,35.062436],[-85.307181,35.06245],[-85.307263,35.062464],[-85.307345,35.062477],[-85.307427,35.062491],[-85.307509,35.062505],[-85.307591,35.062519],[-85.307673,35.062532],[-85.307755,35.062546],[-85.307837,35.06256],[-85.307919,35.062574],[-85.308001,35.062587],[-85.308083,35.062601],[-85.308165,35.062615],[-85.308247,35.062629],[-85.308329,35.062643],[-85.308411,35.062656],[-85.308493,35.06267],[-85.308575,35.062684],[-85.308657,35.062698],[-85.308735,35.06272],[-85.308804,35.062759],[-85.308873,35.062797],[-85.308943,35.062835],[-85.309012,35.062874],[-85.309082,35.062912],[-85.309151,35.06295],[-85.309221,35.062988],[-85.30929,35.063027],[-85.309359,35.063065],[-85.309429,35.063103],[-85.309498,35.063142],[-85.309568,35.06318],[-85.309637,35.063218],[-85.309707,35.063257],[-85.309776,35.063295],[-85.309845,35.063333],[-85.309915,35.063371],[-85.309984,35.06341],[-85.310054,35.063448],[-85.310123,35.063486],[-85.310193,35.063525],[-85.310262,35.063563],[-85.310331,35.063601],[-85.310401,35.06364],[-85.31047,35.063678],[-85.31054,35.063716],[-85.310609,35.063754],[-85.310679,35.063793],[-85.310748,35.063831],[-85.310817,35.063869],[-85.310887,35.063908],[-85.310956,35.063946],[-85.311026,35.063984],[-85.311095,35.064023],[-85.311165,35.064061],[-85.311234,35.064099],[-85.311303,35.064137],[-85.311373,35.064176],[-85.311442,35.064214],[-85.311512,35.064252],[-85.311581,35.064291],[-85.311651,35.064329],[-85.311715,35.064373],[-85.311777,35.064419],[-85.311839,35.064465],[-85.311901,35.06451],[-85.311963,35.064556],[-85.312025,35.064602],[-85.312087,35.064648],[-85.31215,35.064694],[-85.312212,35.06474],[-85.312274,35.064786],[-85.312336,35.064832],[-85.312398,35.064878],[-85.31246,35.064924],[-85.312522,35.06497],[-85.312584,35.065016],[-85.312647,35.065062],[-85.312709,35.065108],[-85.312771,35.065154],[-85.312833,35.0652],[-85.312895,35.065246],[-85.312957,35.065292],[-85.313019,35.065337],[-85.313081,35.065383],[-85.313144,35.065429],[-85.313206,35.065475],[-85.313268,35.065521],[-85.31333,35.065567],[-85.313392,35.065613],[-85.313454,35.065659],[-85.313511,35.065709],[-85.313569,35.065759],[-85.313626,35.065809],[-85.313684,35.065859],[-85.313741,35.065909],[-85.313799,35.065958],[-85.313856,35.066008],[-85.313914,35.066058],[-85.313971,35.066108],[-85.314028,35.066158],[-85.314086,35.066208],[-85.314143,35.066257],[-85.314201,35.066307],[-85.314258,35.066357],[-85.314316,35.066407],[-85.314373,35.066457],[-85.314431,35.066507],[-85.314488,35.066556],[-85.314546,35.066606],[-85.314603,35.066656],[-85.314661,35.066706],[-85.314718,35.066756],[-85.314775,35.066806],[-85.314833,35.066856],[-85.31489,35.066905],[-85.314948,35.066955],[-85.315005,35.067005],[-85.315063,35.067055],[-85.31512,35.067105],[-85.315178,35.067155],[-85.315235,35.067204],[-85.315293,35.067254],[-85.31535,35.067304],[-85.315407,35.067354],[-85.315465,35.067404],[-85.315522,35.067454],[-85.31558,35.067504],[-85.315637,35.067553],[-85.315695,35.067603],[-85.315752,35.067653],[-85.31581,35.067703],[-85.315867,35.067753],[-85.315925,35.067803],[-85.315982,35.067852],[-85.31604,35.067902],[-85.316097,35.067952],[-85.316154,35.068002],[-85.316212,35.068052],[-85.316269,35.068102],[-85.316327,35.068151],[-85.316384,35.068201],[-85.316442,35.068251],[-85.316499,35.068301],[-85.316557,35.068351],[-85.316614,35.068401],[-85.316672,35.068451],[-85.316729,35.0685],[-85.316786,35.06855],[-85.316844,35.0686],[-85.316901,35.06865],[-85.316959,35.0687],[-85.317016,35.06875],[-85.317076,35.068797],[-85.317138,35.068844],[-85.317199,35.068891],[-85.31726,35.068938],[-85.317321,35.068984],[-85.317383,35.069031],[-85.317444,35.069078],[-85.317505,35.069125],[-85.317566,35.069171],[-85.317627,35.069218],[-85.317689,35.069265],[-85.31775,35.069311],[-85.317811,35.069358],[-85.317872,35.069405],[-85.317934,35.069452],[-85.317995,35.069498],[-85.318056,35.069545],[-85.318117,35.069592],[-85.318179,35.069639],[-85.31824,35.069685],[-85.318301,35.069732],[-85.318362,35.069779],[-85.318423,35.069826],[-85.318485,35.069872],[-85.318546,35.069919],[-85.318607,35.069966],[-85.318668,35.070013],[-85.31873,35.070059],[-85.318791,35.070106],[-85.318852,35.070153],[-85.318913,35.0702],[-85.318963,35.070253],[-85.319,35.070315],[-85.319038,35.070376],[-85.319075,35.070437],[-85.319113,35.070499],[-85.31915,35.07056],[-85.319188,35.070621],[-85.319225,35.070682],[-85.319262,35.070744],[-85.3193,35.070805],[-85.319331,35.070868],[-85.319334,35.070936],[-85.319336,35.071005],[-85.319338,35.071073],[-85.319341,35.071142],[-85.319343,35.07121],[-85.319345,35.071279],[-85.319348,35.071347],[-85.31935,35.071416],[-85.319349,35.071484],[-85.319331,35.071551],[-85.319313,35.071618],[-85.319295,35.071685],[-85.319278,35.071752],[-85.31926,35.071819],[-85.319242,35.071886],[-85.319224,35.071953],[-85.319207,35.07202],[-85.319189,35.072087],[-85.319171,35.072154],[-85.319153,35.07222],[-85.319136,35.072287],[-85.319118,35.072354],[-85.3191,35.072421],[-85.319082,35.072488],[-85.319065,35.072555],[-85.319047,35.072622],[-85.319029,35.072689],[-85.319011,35.072756],[-85.318994,35.072823],[-85.318976,35.07289],[-85.318958,35.072957],[-85.31894,35.073024],[-85.318923,35.073091],[-85.318905,35.073158],[-85.318887,35.073225],[-85.318869,35.073292],[-85.318852,35.073359],[-85.318834,35.073426],[-85.318816,35.073493],[-85.318798,35.07356],[-85.318781,35.073627],[-85.318763,35.073694],[-85.318745,35.073761],[-85.318727,35.073828],[-85.31871,35.073895],[-85.318692,35.073962],[-85.318674,35.074029],[-85.318656,35.074096],[-85.318639,35.074163],[-85.318621,35.07423],[-85.318603,35.074297],[-85.318585,35.074364],[-85.31858,35.074432],[-85.31858,35.0745],[-85.31858,35.074569],[-85.31858,35.074637],[-85.31858,35.074706],[-85.318581,35.074774],[-85.318626,35.074832],[-85.318672,35.074889],[-85.318717,35.074947],[-85.318762,35.075005],[-85.318807,35.075063],[-85.318852,35.07512],[-85.318897,35.075178],[-85.318942,35.075236],[-85.318987,35.075294],[-85.319032,35.075351],[-85.319077,35.075409],[-85.319122,35.075467],[-85.319167,35.075525],[-85.319213,35.075582],[-85.319258,35.07564],[-85.319303,35.075698],[-85.319348,35.075756],[-85.319393,35.075813],[-85.319438,35.075871],[-85.319483,35.075929],[-85.319528,35.075987],[-85.319573,35.076044],[-85.319618,35.076102],[-85.319663,35.07616],[-85.319708,35.076218],[-85.319753,35.076275],[-85.319799,35.076333],[-85.319844,35.076391],[-85.319889,35.076449],[-85.319934,35.076506],[-85.319979,35.076564],[-85.320024,35.076622],[-85.320068,35.07668],[-85.320107,35.076741],[-85.320146,35.076801],[-85.320185,35.076862],[-85.320224,35.076923],[-85.320263,35.076983],[-85.320302,35.077044],[-85.320341,35.077105],[-85.320379,35.077165],[-85.320418,35.077226],[-85.320457,35.077287],[-85.320496,35.077347],[-85.320535,35.077408],[-85.320574,35.077469],[-85.320613,35.077529],[-85.320652,35.07759],[-85.320691,35.077651],[-85.320727,35.077712],[-85.320738,35.07778],[-85.32075,35.077848],[-85.320761,35.077916],[-85.320773,35.077984],[-85.320784,35.078052],[-85.320795,35.07812],[-85.320807,35.078187],[-85.320787,35.078251],[-85.320747,35.078311],[-85.320708,35.078372],[-85.320668,35.078432],[-85.320629,35.078492],[-85.320589,35.078553],[-85.32055,35.078613],[-85.320511,35.078674],[-85.320471,35.078734],[-85.320432,35.078795],[-85.320392,35.078855],[-85.320353,35.078915],[-85.320313,35.078976],[-85.320274,35.079036],[-85.320234,35.079097],[-85.320195,35.079157],[-85.320155,35.079218],[-85.320116,35.079278],[-85.320076,35.079338],[-85.320037,35.079399],[-85.319997,35.079459],[-85.319958,35.07952],[-85.319918,35.07958],[-85.319879,35.079641],[-85.319839,35.079701],[-85.319795,35.079759],[-85.319749,35.079816],[-85.319702,35.079873],[-85.319655,35.07993],[-85.319609,35.079987],[-85.319562,35.080044],[-85.319516,35.080101],[-85.319469,35.080158],[-85.319422,35.080215],[-85.319376,35.080272],[-85.319329,35.080329],[-85.319283,35.080386],[-85.319236,35.080443],[-85.319189,35.080499],[-85.319143,35.080556],[-85.319096,35.080613],[-85.31905,35.08067],[-85.319003,35.080727],[-85.318956,35.080784],[-85.31891,35.080841],[-85.318863,35.080898],[-85.318817,35.080955],[-85.31877,35.081012],[-85.318723,35.081069],[-85.318677,35.081126],[-85.31863,35.081183],[-85.318584,35.08124],[-85.318537,35.081297],[-85.31849,35.081354],[-85.318444,35.08141],[-85.318397,35.081467],[-85.318351,35.081524],[-85.318304,35.081581],[-85.318258,35.081638],[-85.318239,35.081705],[-85.318221,35.081772],[-85.318203,35.081839],[-85.318184,35.081906],[-85.318166,35.081973],[-85.318148,35.08204],[-85.31813,35.082106],[-85.318111,35.082173],[-85.318093,35.08224],[-85.318075,35.082307],[-85.318056,35.082374],[-85.318038,35.082441],[-85.31802,35.082508],[-85.318002,35.082575],[-85.317983,35.082641],[-85.317965,35.082708],[-85.317947,35.082775],[-85.317928,35.082842],[-85.31791,35.082909],[-85.317892,35.082976],[-85.317873,35.083043],[-85.317855,35.08311],[-85.317837,35.083176],[-85.317819,35.083243],[-85.3178,35.08331],[-85.317782,35.083377],[-85.317764,35.083444],[-85.317745,35.083511],[-85.317727,35.083578],[-85.317709,35.083644],[-85.31769,35.083711],[-85.317672,35.083778],[-85.317654,35.083845],[-85.317636,35.083912],[-85.317617,35.083979],[-85.317588,35.084043],[-85.317556,35.084106],[-85.317524,35.08417],[-85.317492,35.084233],[-85.31746,35.084296],[-85.317428,35.08436],[-85.317397,35.084423],[-85.317365,35.084486],[-85.317333,35.08455],[-85.317291,35.084608],[-85.317235,35.084659],[-85.317179,35.08471],[-85.317123,35.084761],[-85.317067,35.084812],[-85.317011,35.084863],[-85.316955,35.084914],[-85.316899,35.084965],[-85.316843,35.085016],[-85.316787,35.085067],[-85.316731,35.085118],[-85.316675,35.085168],[-85.316619,35.085219],[-85.316563,35.08527],[-85.316507,35.085321],[-85.316451,35.085372],[-85.316395,35.085423],[-85.316339,35.085474],[-85.316283,35.085525],[-85.316227,35.085576],[-85.316171,35.085627],[-85.316115,35.085678],[-85.316059,35.085729],[-85.316003,35.08578],[-85.315947,35.085831],[-85.315891,35.085882],[-85.315835,35.085933],[-85.315779,35.085983],[-85.315723,35.086034],[-85.315667,35.086085],[-85.31561,35.086136],[-85.315554,35.086187],[-85.315498,35.086238],[-85.315442,35.086289],[-85.315386,35.08634],[-85.31533,35.086391],[-85.315274,35.086442],[-85.315218,35.086493],[-85.315162,35.086544],[-85.315106,35.086595],[-85.31505,35.086646],[-85.314994,35.086697],[-85.314942,35.08675],[-85.314891,35.086804],[-85.314839,35.086858],[-85.314787,35.086912],[-85.314735,35.086965],[-85.314683,35.087019],[-85.314631,35.087073],[-85.314579,35.087127],[-85.314527,35.08718],[-85.314475,35.087234],[-85.314423,35.087288],[-85.314371,35.087342],[-85.314319,35.087396],[-85.314267,35.087449],[-85.314215,35.087503],[-85.314163,35.087557],[-85.314111,35.087611],[-85.31406,35.087664],[-85.314008,35.087718],[-85.313956,35.087772],[-85.313904,35.087826],[-85.313852,35.087879],[-85.3138,35.087933],[-85.313748,35.087987],[-85.313696,35.088041],[-85.313644,35.088094],[-85.313592,35.088148],[-85.31354,35.088202],[-85.313488,35.088256],[-85.313436,35.088309],[-85.313384,35.088363],[-85.313332,35.088417],[-85.31328,35.088471],[-85.313229,35.088524],[-85.313177,35.088578],[-85.313125,35.088632],[-85.313073,35.088686],[-85.313021,35.088739],[-85.312969,35.088793],[-85.312917,35.088847],[-85.312865,35.088901],[-85.312813,35.088955],[-85.312761,35.089008],[-85.312709,35.089062],[-85.312657,35.089116],[-85.312605,35.08917],[-85.312553,35.089223],[-85.312501,35.089277],[-85.312437,35.089268],[-85.312366,35.089231],[-85.312296,35.089194],[-85.312225,35.089157],[-85.312155,35.089119],[-85.312084,35.089082],[-85.312014,35.089045],[-85.311943,35.089008],[-85.311873,35.088971],[-85.311802,35.088934],[-85.311732,35.088897],[-85.311661,35.08886],[-85.311591,35.088823],[-85.31152,35.088786],[-85.31145,35.088749],[-85.311379,35.088712],[-85.311309,35.088675],[-85.311238,35.088638],[-85.311168,35.088601],[-85.311097,35.088564],[-85.311027,35.088527],[-85.310956,35.08849],[-85.310886,35.088453],[-85.310815,35.088416],[-85.310745,35.088379],[-85.310675,35.088342],[-85.310604,35.088305],[-85.310534,35.088268],[-85.310463,35.088231],[-85.310393,35.088194],[-85.310322,35.088157],[-85.310252,35.08812],[-85.310181,35.088083],[-85.310111,35.088046],[-85.31004,35.088009],[-85.30997,35.087972],[-85.309899,35.087935],[-85.309829,35.087898],[-85.309758,35.087861],[-85.309688,35.087824],[-85.309617,35.087787],[-85.309547,35.08775],[-85.309476,35.087713],[-85.309406,35.087676],[-85.309335,35.087639],[-85.309265,35.087602],[-85.309194,35.087565],[-85.309124,35.087528],[-85.309053,35.087491],[-85.308983,35.087454],[-85.308912,35.087417],[-85.308842,35.08738],[-85.308772,35.087343],[-85.308701,35.087306],[-85.308631,35.087269],[-85.30856,35.087232],[-85.30849,35.087195],[-85.308419,35.087158],[-85.308349,35.087121],[-85.308278,35.087084],[-85.308208,35.087047],[-85.308131,35.087034],[-85.308049,35.087046],[-85.307966,35.087058],[-85.307884,35.08707],[-85.307801,35.087081],[-85.307719,35.087093],[-85.307636,35.087105],[-85.307554,35.087117],[-85.307471,35.087128],[-85.307389,35.08714],[-85.307306,35.087152],[-85.307224,35.087164],[-85.307141,35.087176],[-85.307059,35.087187],[-85.306976,35.087199],[-85.306894,35.087211],[-85.306811,35.087223],[-85.306729,35.087234],[-85.306646,35.087246],[-85.306564,35.087258],[-85.306481,35.08727],[-85.306399,35.087282],[-85.306317,35.087289],[-85.306237,35.087268],[-85.306157,35.087246],[-85.306078,35.087225],[-85.305998,35.087204],[-85.305918,35.087183],[-85.305839,35.087161],[-85.305759,35.08714],[-85.30568,35.087119],[-85.3056,35.087098],[-85.30552,35.087076],[-85.305441,35.087055],[-85.305361,35.087034],[-85.30534,35.086978],[-85.30534,35.086909],[-85.30534,35.086841],[-85.305283,35.086793],[-85.305221,35.086747],[-85.305159,35.086701],[-85.305095,35.086658],[-85.305013,35.086644],[-85.304931,35.08663],[-85.304849,35.086616],[-85.304767,35.086602],[-85.304685,35.086588],[-85.304603,35.086574],[-85.304521,35.08656],[-85.304439,35.086546],[-85.304357,35.086532],[-85.304275,35.086518],[-85.304193,35.086504],[-85.304111,35.08649],[-85.304083,35.086447],[-85.304097,35.08638],[-85.304112,35.086312],[-85.304172,35.086277],[-85.304252,35.086257],[-85.304332,35.086237],[-85.304412,35.086217],[-85.304492,35.086197],[-85.304573,35.086177],[-85.304613,35.086132],[-85.304616,35.086064],[-85.30462,35.085995],[-85.304623,35.085927],[-85.304627,35.085858],[-85.30463,35.08579],[-85.304608,35.08573],[-85.304544,35.085686],[-85.304473,35.08566],[-85.304389,35.085663],[-85.304305,35.085666],[-85.304222,35.085669],[-85.304138,35.085672],[-85.304054,35.085675],[-85.30399,35.085713],[-85.303932,35.085762],[-85.303875,35.085812],[-85.303817,35.085862],[-85.30376,35.085912],[-85.303702,35.085962],[-85.303645,35.086012],[-85.303588,35.086062],[-85.30353,35.086111],[-85.303473,35.086161],[-85.303415,35.086211],[-85.303358,35.086261],[-85.303296,35.086307],[-85.303227,35.086346],[-85.303159,35.086385],[-85.30309,35.086425],[-85.303021,35.086464],[-85.302953,35.086503],[-85.302884,35.086542],[-85.302816,35.086582],[-85.302747,35.086621],[-85.302679,35.086661],[-85.302655,35.086726],[-85.30263,35.086792],[-85.302606,35.086857],[-85.302582,35.086923],[-85.302557,35.086989],[-85.302533,35.087054],[-85.30248,35.087107],[-85.302423,35.087157],[-85.302367,35.087207],[-85.30231,35.087257],[-85.302253,35.087307],[-85.30217,35.087304],[-85.302087,35.087298],[-85.302003,35.087292],[-85.30192,35.087287],[-85.301836,35.087281],[-85.301753,35.087275],[-85.301669,35.08727],[-85.301586,35.087264],[-85.301502,35.087258],[-85.301453,35.087213],[-85.301417,35.087151],[-85.301382,35.087089],[-85.301347,35.087026],[-85.301311,35.086964],[-85.301276,35.086902],[-85.30124,35.08684],[-85.301205,35.086778],[-85.30117,35.086716],[-85.301134,35.086654],[-85.301099,35.086592],[-85.301063,35.08653],[-85.301028,35.086468],[-85.300947,35.086481],[-85.300865,35.086495],[-85.300783,35.086509],[-85.300721,35.08654],[-85.3007,35.086607],[-85.30068,35.086673],[-85.300657,35.086721],[-85.300617,35.086661],[-85.300577,35.086601],[-85.300536,35.086541],[-85.300569,35.08648],[-85.300607,35.086419],[-85.300646,35.086358],[-85.300684,35.086297],[-85.300722,35.086236],[-85.30076,35.086175],[-85.300798,35.086113],[-85.300836,35.086052],[-85.300874,35.085991],[-85.300912,35.08593],[-85.30095,35.085869],[-85.300988,35.085808],[-85.301026,35.085747],[-85.301073,35.085691],[-85.301131,35.085642],[-85.301188,35.085592],[-85.301246,35.085542],[-85.301304,35.085493],[-85.301362,35.085443],[-85.30142,35.085394],[-85.301478,35.085344],[-85.301536,35.085295],[-85.301594,35.085245],[-85.301652,35.085196],[-85.301709,35.085146],[-85.301767,35.085097],[-85.301825,35.085047],[-85.301883,35.084998],[-85.301941,35.084948],[-85.302,35.084899],[-85.302066,35.084857],[-85.302132,35.084815],[-85.302198,35.084773],[-85.302264,35.084731],[-85.302331,35.084689],[-85.302397,35.084647],[-85.302463,35.084605],[-85.302529,35.084563],[-85.302595,35.084521],[-85.302661,35.084479],[-85.302728,35.084437],[-85.302794,35.084396],[-85.30286,35.084354],[-85.302926,35.084312],[-85.302992,35.08427],[-85.303062,35.084233],[-85.303144,35.084218],[-85.303225,35.084203],[-85.303307,35.084188],[-85.303389,35.084173],[-85.30347,35.084158],[-85.303552,35.084143],[-85.303634,35.084128],[-85.303715,35.084113],[-85.303797,35.084098],[-85.303879,35.084083],[-85.303961,35.084087],[-85.304043,35.084099],[-85.304126,35.084112],[-85.304208,35.084124],[-85.304291,35.084136],[-85.304373,35.084148],[-85.304455,35.084161],[-85.304538,35.084173],[-85.30462,35.084185],[-85.304703,35.084198],[-85.304785,35.08421],[-85.304867,35.084222],[-85.30495,35.084234],[-85.305032,35.084247],[-85.305115,35.084259],[-85.305197,35.084271],[-85.305279,35.084283],[-85.30535,35.084264],[-85.305409,35.084216],[-85.305468,35.084167],[-85.305527,35.084119],[-85.305587,35.08407],[-85.305646,35.084022],[-85.305705,35.083973],[-85.305764,35.083925],[-85.305823,35.083876],[-85.305883,35.083828],[-85.305942,35.083779],[-85.306001,35.083731],[-85.30606,35.083682],[-85.306119,35.083634],[-85.306179,35.083586],[-85.306238,35.083537],[-85.306297,35.083489],[-85.306356,35.08344],[-85.306416,35.083392],[-85.306475,35.083343],[-85.306534,35.083295],[-85.306593,35.083246],[-85.306652,35.083198],[-85.306712,35.083149],[-85.306756,35.083091],[-85.306799,35.083033],[-85.306843,35.082974],[-85.306887,35.082916],[-85.30693,35.082857],[-85.306955,35.082794],[-85.306964,35.082725],[-85.306973,35.082657],[-85.306982,35.082589],[-85.306991,35.082521],[-85.307,35.082453],[-85.307009,35.082385],[-85.307018,35.082317],[-85.307027,35.082249],[-85.307036,35.08218],[-85.307045,35.082112],[-85.307054,35.082044],[-85.307063,35.081976],[-85.307072,35.081908],[-85.307081,35.08184],[-85.30709,35.081772],[-85.307099,35.081703],[-85.307108,35.081635],[-85.307117,35.081567],[-85.307126,35.081499],[-85.307135,35.081431],[-85.307144,35.081363],[-85.307153,35.081295],[-85.307162,35.081227],[-85.307172,35.081158],[-85.307181,35.08109],[-85.30719,35.081022],[-85.307199,35.080954],[-85.307208,35.080886],[-85.307217,35.080818],[-85.307226,35.08075],[-85.307235,35.080682],[-85.307244,35.080613],[-85.307252,35.080545],[-85.307257,35.080477],[-85.307262,35.080408],[-85.307267,35.08034],[-85.307273,35.080272],[-85.307278,35.080203],[-85.307283,35.080135],[-85.307288,35.080066],[-85.307294,35.079998],[-85.307299,35.07993],[-85.307304,35.079861],[-85.307309,35.079793],[-85.307314,35.079724],[-85.30732,35.079656],[-85.307325,35.079588],[-85.30733,35.079519],[-85.307335,35.079451],[-85.307341,35.079383],[-85.307346,35.079314],[-85.307351,35.079246],[-85.307356,35.079177],[-85.307362,35.079109],[-85.307367,35.079041],[-85.307372,35.078972],[-85.307377,35.078904],[-85.307383,35.078835],[-85.307388,35.078767],[-85.307393,35.078699],[-85.307398,35.07863],[-85.307403,35.078562],[-85.307409,35.078493],[-85.307414,35.078425],[-85.307419,35.078357],[-85.307424,35.078288],[-85.30743,35.07822],[-85.307435,35.078151],[-85.30744,35.078083],[-85.307445,35.078015],[-85.307451,35.077946],[-85.307456,35.077878],[-85.307461,35.077809],[-85.307466,35.077741],[-85.307471,35.077673],[-85.307477,35.077604],[-85.307482,35.077536],[-85.307487,35.077467],[-85.307492,35.077399],[-85.307498,35.077331],[-85.307503,35.077262],[-85.307508,35.077194],[-85.307513,35.077126],[-85.307519,35.077057],[-85.307524,35.076989],[-85.307529,35.07692],[-85.307534,35.076852],[-85.30754,35.076784],[-85.307545,35.076715],[-85.30755,35.076647],[-85.307555,35.076578],[-85.30756,35.07651],[-85.307566,35.076442],[-85.307571,35.076373],[-85.307576,35.076305],[-85.307581,35.076236],[-85.307587,35.076168],[-85.307592,35.0761],[-85.307597,35.076031],[-85.307602,35.075963],[-85.307608,35.075894],[-85.307613,35.075826],[-85.307618,35.075758],[-85.307623,35.075689],[-85.307628,35.075621],[-85.307634,35.075552],[-85.307639,35.075484],[-85.307644,35.075416],[-85.307649,35.075347],[-85.307655,35.075279],[-85.30766,35.07521],[-85.307665,35.075142],[-85.30767,35.075074],[-85.307676,35.075005],[-85.307681,35.074937],[-85.307686,35.074868],[-85.307691,35.0748],[-85.307697,35.074732],[-85.307702,35.074663],[-85.307707,35.074595],[-85.307712,35.074527],[-85.307717,35.074458],[-85.307723,35.07439],[-85.307728,35.074321],[-85.307733,35.074253],[-85.307738,35.074185],[-85.307744,35.074116],[-85.307749,35.074048],[-85.307754,35.073979],[-85.307759,35.073911],[-85.307765,35.073843],[-85.30777,35.073774],[-85.307775,35.073706],[-85.30778,35.073637],[-85.307786,35.073569],[-85.307791,35.073501],[-85.307796,35.073432],[-85.307801,35.073364],[-85.307806,35.073295],[-85.307812,35.073227],[-85.307817,35.073159],[-85.307822,35.07309],[-85.307827,35.073022],[-85.307833,35.072953],[-85.307838,35.072885],[-85.307843,35.072817],[-85.307848,35.072748],[-85.307854,35.07268],[-85.307859,35.072611],[-85.307864,35.072543],[-85.307869,35.072475],[-85.307874,35.072406],[-85.30788,35.072338],[-85.307885,35.07227],[-85.30789,35.072201],[-85.307895,35.072133],[-85.307901,35.072064],[-85.307906,35.071996],[-85.307911,35.071928],[-85.307917,35.071859],[-85.307924,35.071791],[-85.307931,35.071723],[-85.307938,35.071654],[-85.307945,35.071586],[-85.307952,35.071518],[-85.307959,35.071449],[-85.307967,35.071381],[-85.307974,35.071313],[-85.307981,35.071245],[-85.307988,35.071176],[-85.307995,35.071108],[-85.308002,35.07104],[-85.308009,35.070972],[-85.308016,35.070903],[-85.308024,35.070835],[-85.308031,35.070767],[-85.308038,35.070698],[-85.308045,35.07063],[-85.308052,35.070562],[-85.308059,35.070494],[-85.308066,35.070425],[-85.308073,35.070357],[-85.30808,35.070289],[-85.308088,35.07022],[-85.308095,35.070152],[-85.308102,35.070084],[-85.308109,35.070016],[-85.308116,35.069947],[-85.308123,35.069879],[-85.30813,35.069811],[-85.308137,35.069742],[-85.308145,35.069674],[-85.308152,35.069606],[-85.308159,35.069538],[-85.308166,35.069469],[-85.308173,35.069401],[-85.30818,35.069333],[-85.308187,35.069265],[-85.308194,35.069196],[-85.308201,35.069128],[-85.308209,35.06906],[-85.308216,35.068991],[-85.308223,35.068923],[-85.30823,35.068855],[-85.308237,35.068787],[-85.308244,35.068718],[-85.308251,35.06865],[-85.308258,35.068582],[-85.308266,35.068513],[-85.308273,35.068445],[-85.30828,35.068377],[-85.308287,35.068309],[-85.308294,35.06824],[-85.308301,35.068172],[-85.308308,35.068104],[-85.308315,35.068035],[-85.308323,35.067967],[-85.30833,35.067899],[-85.308337,35.067831],[-85.308344,35.067762],[-85.308351,35.067694],[-85.308358,35.067626],[-85.308365,35.067558],[-85.308372,35.067489],[-85.308379,35.067421],[-85.308387,35.067353],[-85.308394,35.067284],[-85.308401,35.067216],[-85.308408,35.067148],[-85.308415,35.06708],[-85.308422,35.067011],[-85.308429,35.066943],[-85.308436,35.066875],[-85.308444,35.066806],[-85.308451,35.066738],[-85.308416,35.066677],[-85.308375,35.066618],[-85.308334,35.066558],[-85.308293,35.066498],[-85.308252,35.066438],[-85.308211,35.066379],[-85.30817,35.066319],[-85.308129,35.066259],[-85.308088,35.0662],[-85.308046,35.06614],[-85.308005,35.06608],[-85.307964,35.066021],[-85.307923,35.065961],[-85.307882,35.065901],[-85.307841,35.065841],[-85.3078,35.065782],[-85.307786,35.065716],[-85.307785,35.065648],[-85.307784,35.065579],[-85.307783,35.065511],[-85.307782,35.065442],[-85.307781,35.065373],[-85.30778,35.065305],[-85.307779,35.065236],[-85.307779,35.065168],[-85.307778,35.065099],[-85.307777,35.065031],[-85.307776,35.064962],[-85.307775,35.064894],[-85.307774,35.064825],[-85.307773,35.064757],[-85.307772,35.064688],[-85.307771,35.06462],[-85.30777,35.064551],[-85.307769,35.064483],[-85.307768,35.064414],[-85.307768,35.064346],[-85.307767,35.064277],[-85.307766,35.064209],[-85.307765,35.06414],[-85.307764,35.064071],[-85.307763,35.064003],[-85.307762,35.063934],[-85.307761,35.063866],[-85.30776,35.063797],[-85.307759,35.063729],[-85.307758,35.06366],[-85.307757,35.063592],[-85.307757,35.063523],[-85.307756,35.063455],[-85.307755,35.063386],[-85.307754,35.063318],[-85.307753,35.063249],[-85.307752,35.063181],[-85.307751,35.063112],[-85.30775,35.063044],[-85.307749,35.062975],[-85.307748,35.062907],[-85.307747,35.062838],[-85.307747,35.06277],[-85.307746,35.062701],[-85.307745,35.062632],[-85.307744,35.062564],[-85.307744,35.062548]]}},{"type":"Feature","properties":{"id":"Moccasin Bend Route","name":"Moccasin Bend Route","slug":"moccasin-bend-route"},"geometry":{"type":"LineString","coordinates":[[-85.305855,35.060177],[-85.305817,35.060238],[-85.305778,35.060299],[-85.305739,35.060359],[-85.3057,35.06042],[-85.305661,35.060481],[-85.305623,35.060542],[-85.305584,35.060602],[-85.305545,35.060663],[-85.305506,35.060724],[-85.305468,35.060785],[-85.305429,35.060845],[-85.30539,35.060906],[-85.305351,35.060967],[-85.305313,35.061028],[-85.305274,35.061088],[-85.305235,35.061149],[-85.305196,35.06121],[-85.305158,35.06127],[-85.305119,35.061331],[-85.305151,35.061374],[-85.305225,35.061405],[-85.3053,35.061436],[-85.305374,35.061467],[-85.305449,35.061498],[-85.305523,35.06153],[-85.305598,35.061561],[-85.305672,35.061592],[-85.305747,35.061623],[-85.305822,35.061655],[-85.305896,35.061686],[-85.305971,35.061717],[-85.306052,35.061732],[-85.306134,35.061744],[-85.306217,35.061755],[-85.306299,35.061766],[-85.306382,35.061778],[-85.306464,35.061789],[-85.306547,35.061801],[-85.306629,35.061812],[-85.306712,35.061824],[-85.306795,35.061835],[-85.306877,35.061847],[-85.30696,35.061858],[-85.307042,35.061869],[-85.307125,35.061881],[-85.307207,35.061892],[-85.30729,35.061904],[-85.307372,35.061915],[-85.307452,35.061895],[-85.307531,35.061873],[-85.30761,35.06185],[-85.307689,35.061828],[-85.307768,35.061806],[-85.307847,35.061783],[-85.307926,35.061761],[-85.307975,35.061707],[-85.308018,35.061648],[-85.308062,35.06159],[-85.308105,35.061531],[-85.308149,35.061473],[-85.308192,35.061414],[-85.308236,35.061356],[-85.308279,35.061297],[-85.308323,35.061239],[-85.308366,35.06118],[-85.30841,35.061122],[-85.308453,35.061063],[-85.308497,35.061004],[-85.308538,35.060945],[-85.308551,35.060878],[-85.308563,35.06081],[-85.308576,35.060742],[-85.308589,35.060674],[-85.308601,35.060607],[-85.308614,35.060539],[-85.308626,35.060471],[-85.308639,35.060403],[-85.308682,35.060352],[-85.308753,35.060317],[-85.308825,35.060282],[-85.308901,35.060276],[-85.30898,35.060298],[-85.309052,35.060324],[-85.309042,35.060392],[-85.309032,35.06046],[-85.309022,35.060528],[-85.309012,35.060596],[-85.309002,35.060664],[-85.308992,35.060732],[-85.308982,35.0608],[-85.308972,35.060868],[-85.308962,35.060936],[-85.308952,35.061004],[-85.308942,35.061073],[-85.308932,35.061141],[-85.308925,35.061209],[-85.308931,35.061277],[-85.308937,35.061345],[-85.308943,35.061414],[-85.308949,35.061482],[-85.308955,35.06155],[-85.308961,35.061619],[-85.308967,35.061687],[-85.308973,35.061755],[-85.30898,35.061824],[-85.308986,35.061892],[-85.308992,35.06196],[-85.308998,35.062029],[-85.309004,35.062097],[-85.309012,35.062165],[-85.309065,35.062218],[-85.309118,35.062271],[-85.309171,35.062324],[-85.309224,35.062377],[-85.309277,35.06243],[-85.30933,35.062483],[-85.309383,35.062536],[-85.309457,35.062564],[-85.309537,35.062584],[-85.309617,35.062604],[-85.309697,35.062624],[-85.309777,35.062644],[-85.309857,35.062665],[-85.309937,35.062685],[-85.310017,35.062705],[-85.310097,35.062725],[-85.310177,35.062745],[-85.310257,35.062765],[-85.310337,35.062785],[-85.310417,35.062806],[-85.310497,35.062826],[-85.310578,35.062814],[-85.310659,35.062796],[-85.310739,35.062777],[-85.31082,35.062759],[-85.3109,35.06274],[-85.310981,35.062721],[-85.311062,35.062703],[-85.311142,35.062684],[-85.311223,35.062666],[-85.311303,35.062647],[-85.311384,35.062629],[-85.311465,35.06261],[-85.311545,35.062592],[-85.311626,35.062573],[-85.311706,35.062555],[-85.31175,35.062591],[-85.311774,35.062657],[-85.311797,35.062723],[-85.311821,35.062788],[-85.311851,35.062845],[-85.311933,35.062832],[-85.312014,35.062815],[-85.312095,35.062797],[-85.312176,35.062779],[-85.312256,35.062761],[-85.312337,35.062743],[-85.312418,35.062725],[-85.312499,35.062707],[-85.31258,35.062689],[-85.31266,35.062672],[-85.312741,35.062654],[-85.312822,35.062636],[-85.312903,35.062618],[-85.312984,35.0626],[-85.313064,35.062582],[-85.313145,35.062564],[-85.313226,35.062546],[-85.313307,35.062528],[-85.313388,35.06251],[-85.313468,35.062492],[-85.313549,35.062474],[-85.31363,35.062456],[-85.313711,35.062438],[-85.313792,35.06242],[-85.313873,35.062403],[-85.313953,35.062385],[-85.314034,35.062367],[-85.314115,35.062349],[-85.314196,35.062331],[-85.314277,35.062313],[-85.314357,35.062295],[-85.314438,35.062277],[-85.314519,35.062259],[-85.3146,35.062241],[-85.314681,35.062223],[-85.314761,35.062205],[-85.314842,35.062187],[-85.314923,35.062169],[-85.315004,35.062152],[-85.315085,35.062134],[-85.315165,35.062116],[-85.315246,35.062098],[-85.315327,35.06208],[-85.315408,35.062062],[-85.315489,35.062044],[-85.315569,35.062026],[-85.31565,35.062008],[-85.315731,35.06199],[-85.315812,35.061972],[-85.315893,35.061954],[-85.315973,35.061936],[-85.316054,35.061918],[-85.316135,35.061901],[-85.316216,35.061883],[-85.316297,35.061865],[-85.316377,35.061847],[-85.316458,35.061829],[-85.316539,35.061811],[-85.31662,35.061793],[-85.316701,35.061775],[-85.316781,35.061757],[-85.316862,35.061739],[-85.316943,35.061721],[-85.317024,35.061703],[-85.317105,35.061685],[-85.317186,35.061667],[-85.317266,35.06165],[-85.317347,35.061632],[-85.317428,35.061614],[-85.317509,35.061596],[-85.31759,35.061578],[-85.31767,35.06156],[-85.317751,35.061542],[-85.317832,35.061524],[-85.317913,35.061506],[-85.317994,35.061488],[-85.318074,35.06147],[-85.318155,35.061452],[-85.318236,35.061434],[-85.318317,35.061416],[-85.318398,35.061398],[-85.318478,35.061381],[-85.318559,35.061363],[-85.31864,35.061345],[-85.318721,35.061327],[-85.318802,35.061309],[-85.318882,35.061291],[-85.318963,35.061273],[-85.319044,35.061255],[-85.319122,35.06123],[-85.319198,35.061202],[-85.319274,35.061173],[-85.31935,35.061145],[-85.319426,35.061116],[-85.319503,35.061088],[-85.319579,35.061059],[-85.319655,35.061031],[-85.319731,35.061002],[-85.319807,35.060974],[-85.319883,35.060945],[-85.319959,35.060917],[-85.320035,35.060888],[-85.320112,35.06086],[-85.320188,35.060831],[-85.320264,35.060803],[-85.32034,35.060774],[-85.320416,35.060746],[-85.320492,35.060717],[-85.320568,35.060689],[-85.320645,35.06066],[-85.320721,35.060632],[-85.320797,35.060603],[-85.320873,35.060575],[-85.320949,35.060546],[-85.321025,35.060518],[-85.321101,35.060489],[-85.321177,35.060461],[-85.321254,35.060432],[-85.32133,35.060404],[-85.321406,35.060375],[-85.321482,35.060347],[-85.321558,35.060318],[-85.321634,35.06029],[-85.32171,35.060261],[-85.321787,35.060233],[-85.321863,35.060204],[-85.321939,35.060176],[-85.322015,35.060147],[-85.322091,35.060119],[-85.322167,35.06009],[-85.322243,35.060062],[-85.322319,35.060033],[-85.322396,35.060005],[-85.322472,35.059976],[-85.322548,35.059948],[-85.322624,35.059919],[-85.3227,35.059891],[-85.322776,35.059862],[-85.322852,35.059834],[-85.322929,35.059805],[-85.323005,35.059777],[-85.323081,35.059748],[-85.323157,35.05972],[-85.323233,35.059691],[-85.323309,35.059663],[-85.323385,35.059634],[-85.323461,35.059606],[-85.323538,35.059577],[-85.323614,35.059549],[-85.32369,35.05952],[-85.323766,35.059492],[-85.323842,35.059463],[-85.323918,35.059435],[-85.323994,35.059406],[-85.324071,35.059378],[-85.324147,35.059349],[-85.324223,35.059321],[-85.324299,35.059292],[-85.324375,35.059264],[-85.324451,35.059235],[-85.324527,35.059207],[-85.324604,35.059178],[-85.324621,35.059113],[-85.324634,35.059046],[-85.324647,35.058978],[-85.324659,35.05891],[-85.324672,35.058842],[-85.324685,35.058775],[-85.324697,35.058707],[-85.32471,35.058639],[-85.324723,35.058572],[-85.324736,35.058504],[-85.324712,35.05844],[-85.324681,35.058376],[-85.324649,35.058313],[-85.324618,35.058249],[-85.324586,35.058186],[-85.324555,35.058122],[-85.324523,35.058059],[-85.324492,35.057995],[-85.32446,35.057932],[-85.324445,35.057864],[-85.32443,35.057797],[-85.324415,35.05773],[-85.3244,35.057662],[-85.324385,35.057595],[-85.32437,35.057527],[-85.324355,35.05746],[-85.32434,35.057392],[-85.324325,35.057325],[-85.32431,35.057258],[-85.324295,35.05719],[-85.324301,35.057124],[-85.324328,35.057059],[-85.324355,35.056994],[-85.324382,35.056929],[-85.324409,35.056865],[-85.324436,35.0568],[-85.324463,35.056735],[-85.324491,35.05667],[-85.324518,35.056605],[-85.324545,35.05654],[-85.324579,35.05648],[-85.324644,35.056436],[-85.324709,35.056393],[-85.324773,35.056349],[-85.324838,35.056306],[-85.324903,35.056263],[-85.324968,35.056219],[-85.325032,35.056176],[-85.325097,35.056132],[-85.325162,35.056089],[-85.325226,35.056045],[-85.325291,35.056002],[-85.325356,35.055958],[-85.325421,35.055915],[-85.325485,35.055871],[-85.32555,35.055828],[-85.325615,35.055784],[-85.325679,35.055741],[-85.325744,35.055697],[-85.325809,35.055654],[-85.325874,35.05561],[-85.325938,35.055567],[-85.326003,35.055524],[-85.326068,35.05548],[-85.326132,35.055437],[-85.326197,35.055393],[-85.326262,35.05535],[-85.326327,35.055306],[-85.326391,35.055263],[-85.326456,35.055219],[-85.326521,35.055176],[-85.326585,35.055132],[-85.32665,35.055089],[-85.326715,35.055045],[-85.32678,35.055002],[-85.326844,35.054958],[-85.326909,35.054915],[-85.326974,35.054871],[-85.327038,35.054828],[-85.327103,35.054784],[-85.327168,35.054741],[-85.327233,35.054698],[-85.327297,35.054654],[-85.327362,35.054611],[-85.327427,35.054567],[-85.327491,35.054524],[-85.327556,35.05448],[-85.327621,35.054437],[-85.327686,35.054393],[-85.32775,35.05435],[-85.327815,35.054306],[-85.32788,35.054263],[-85.327944,35.054219],[-85.328009,35.054176],[-85.328074,35.054132],[-85.328139,35.054089],[-85.328203,35.054045],[-85.328268,35.054002],[-85.328333,35.053958],[-85.328397,35.053915],[-85.328462,35.053872],[-85.328527,35.053828],[-85.328592,35.053785],[-85.328656,35.053741],[-85.328721,35.053698],[-85.328786,35.053654],[-85.32885,35.053611],[-85.328915,35.053567],[-85.32898,35.053524],[-85.329045,35.05348],[-85.329109,35.053437],[-85.329174,35.053393],[-85.329239,35.05335],[-85.329303,35.053306],[-85.32937,35.053265],[-85.32944,35.053228],[-85.329511,35.053191],[-85.329581,35.053154],[-85.329652,35.053117],[-85.329722,35.05308],[-85.329793,35.053043],[-85.329863,35.053006],[-85.32994,35.052981],[-85.330021,35.052963],[-85.330102,35.052945],[-85.330183,35.052927],[-85.330263,35.052909],[-85.330344,35.052891],[-85.330425,35.052873],[-85.330506,35.052855],[-85.330586,35.052837],[-85.33067,35.052838],[-85.330753,35.052841],[-85.330837,35.052843],[-85.330921,35.052846],[-85.331004,35.052849],[-85.331088,35.052852],[-85.331172,35.052855],[-85.331255,35.052858],[-85.331339,35.052861],[-85.331422,35.052864],[-85.331506,35.052867],[-85.33159,35.05287],[-85.331673,35.052873],[-85.331757,35.052876],[-85.331841,35.052879],[-85.331924,35.052881],[-85.332008,35.052884],[-85.332092,35.052887],[-85.332175,35.05289],[-85.332259,35.052893],[-85.332342,35.052896],[-85.332426,35.052899],[-85.33251,35.052902],[-85.332593,35.052905],[-85.332677,35.052908],[-85.332761,35.052911],[-85.332844,35.052914],[-85.332928,35.052917],[-85.333012,35.05292],[-85.333095,35.052922],[-85.333107,35.052923]]}}]}
